year,case_id,weight,weight_cumulative,state,st,cong,cong_up,state_post,st_post,dist,dist_up,cd,cd_up,dist_post,dist_up_post,cd_post,cd_up_post,zipcode,county_fips,tookpost,weight_post,rvweight,rvweight_post,starttime,pid3,pid3_leaner,pid7,ideo5,gender,birthyr,age,race,hispanic,citizen,educ,marstat,faminc,union,union_hh,employ,no_healthins,has_child,ownhome,no_milstat,religion,economy_retro,newsint,approval_pres,approval_rep,approval_sen1,approval_sen2,approval_gov,intent_pres_08,intent_pres_12,intent_pres_16,intent_pres_20,voted_pres_08,voted_pres_12,voted_pres_16,voted_pres_20,intent_pres_party,voted_pres_party,turnout_self,vv_regstatus,vv_party_gen,vv_party_prm,vv_turnout_gvm,vv_turnout_pvm,intent_rep,intent_rep_party,voted_rep,voted_rep_party,intent_gov,intent_gov_party,voted_gov,voted_gov_party,intent_sen,intent_sen_party,voted_sen,voted_sen_party,intent_rep_chosen,intent_sen_chosen,intent_gov_chosen,voted_rep_chosen,voted_sen_chosen,voted_gov_chosen,rep_current,rep_icpsr,sen1_current,sen1_icpsr,sen2_current,sen2_icpsr,gov_current
2020,1261100187,1.12800888755318,0.6065359264220377,Louisiana,LA,116,117,NA,NA,1,1,LA-01,LA-01,-1,-1,NA,NA,70448,22103,0,NA,1.2266184644,NA,2020-11-02T19:50:10Z,2,2,7,Moderate,2,2002,18,1,2,1,3,5,70k - 80k,3,3,Student,No,No,Own,No,2,1,2,2,Approve / Somewhat Approve,Approve / Somewhat Approve,Disapprove / Somewhat Disapprove,2,NA,NA,NA,NA,NA,NA,Donald Trump,NA,NA,NA,I already voted (early or absentee),Active,Republican Party,No Record of Party Registration,Voted,No Record of Voting,NA,NA,NA,NA,NA,NA,NA,NA,NA,NA,NA,NA,NA,NA,NA,NA,NA,NA,Steve Scalise (R),20759,Bill Cassidy (R),20919,John Kennedy (R),41703,John Bel Edwards (D)
2020,1261106899,1.0969830499189,0.5898531809399986,Ohio,OH,116,117,Ohio,OH,7,7,OH-07,OH-07,7,7,OH-07,OH-07,43014,39083,1,2.80111351331188,NA,NA,2020-11-02T19:53:32Z,5,2,5,Moderate,1,1999,21,1,2,1,2,5,60k - 70k,3,3,Unemployed,No,No,Rent,No,11,5,3,2,Never Heard / Not Sure,Never Heard / Not Sure,Never Heard / Not Sure,2,NA,NA,NA,I'm Not Sure,NA,NA,Did Not Vote,Donald Trump,NA,Republican,Probably,No Record of Registration,No Record of Party Registration,No Record of Party Registration,No Record of Voting,No Record of Voting,I'm Not Sure,NA,[Republican / Candidate 2],Republican,NA,NA,NA,NA,NA,NA,NA,NA,NA,NA,NA,Bob Gibbs (R),NA,NA,Bob Gibbs (R),21165,Sherrod Brown (D),29389,Rob Portman (R),29386,Mike DeWine (R)
2020,1261108491,0.540568275444233,0.2906662202388663,Texas,TX,116,117,NA,NA,23,23,TX-23,TX-23,-1,-1,NA,NA,79772,48389,0,NA,NA,NA,2020-11-02T19:56:24Z,2,2,6,Very Liberal,2,1991,29,3,NA,1,1,5,Less than 10k,3,3,Homemaker,Yes,Yes,Own,No,1,1,1,2,Never Heard / Not Sure,Never Heard / Not Sure,Never Heard / Not Sure,1,NA,NA,NA,I'm Not Sure,NA,NA,Did Not Vote,NA,NA,NA,Yes, definitely,No Record of Registration,No Record of Party Registration,No Record of Party Registration,No Record of Voting,No Record of Voting,I'm Not Sure,NA,NA,NA,NA,NA,NA,NA,NA,NA,NA,NA,NA,NA,NA,NA,NA,NA,Will Hurd (R),21550,John Cornyn (R),40305,Ted Cruz (R),41304,Greg Abbott (R)
2020,1261111099,2.07522234006466,1.1158572582642763,Missouri,MO,116,117,NA,NA,4,4,MO-04,MO-04,-1,-1,NA,NA,65233,29053,0,NA,NA,NA,2020-11-02T19:56:53Z,3,3,4,Moderate,1,1985,35,1,2,1,2,5,Prefer not to say,3,3,Homemaker,Yes,No,Rent,No,1,6,2,5,Strongly Disapprove,Never Heard / Not Sure,Disapprove / Somewhat Disapprove,3,NA,NA,NA,I Won't Vote in this Election,NA,NA,Did Not Vote,NA,NA,NA,No,No Record of Registration,No Record of Party Registration,No Record of Party Registration,No Record of Voting,No Record of Voting,I'm Not Sure,NA,NA,NA,No One,NA,NA,NA,NA,NA,NA,NA,NA,NA,NA,NA,NA,NA,Vicky Hartzler (R),21149,Roy Blunt (R),29735,Josh Hawley (R),41901,Mike Parson (R)
2020,1261092627,0.167447526417786,0.09003735846726854,North Carolina,NC,116,117,NA,NA,9,9,NC-09,NC-09,-1,-1,NA,NA,28384,37155,0,NA,0.1820856466,NA,2020-11-02T19:35:37Z,1,1,2,Liberal,2,1991,29,1,2,1,5,1,120k - 150k,3,3,Part-Time,No,Yes,Own,Yes,1,4,4,3,Never Heard / Not Sure,Never Heard / Not Sure,Strongly Disapprove,1,NA,NA,NA,NA,NA,NA,Other / Someone Else,NA,NA,NA,I already voted (early or absentee),Active,No Party Affiliation,Democratic Party,Voted,Voted,NA,NA,NA,NA,NA,NA,NA,NA,NA,NA,NA,NA,NA,NA,NA,NA,NA,NA,Dan Bishop (R),21986,Richard Burr (R),29548,Thom Tillis (R),41504,Roy Cooper (D)
2020,1261094669,0.306979988170815,0.16506464937709397,California,CA,116,117,NA,NA,51,51,CA-51,CA-51,-1,-1,NA,NA,92257,06025,0,NA,0.3338159174,NA,2020-11-02T19:48:18Z,1,1,2,Not Sure,2,1996,24,1,2,1,3,5,20k - 30k,3,3,Unemployed,No,No,Rent,Yes,12,4,7,4,Never Heard / Not Sure,Never Heard / Not Sure,Never Heard / Not Sure,2,NA,NA,NA,Joe Biden (Democrat),NA,NA,Did Not Vote,NA,Democratic,NA,Undecided,Active,Democratic Party,No Record of Party Registration,No Record of Voting,No Record of Voting,[Democrat / Candidate 1],Democratic,NA,NA,NA,NA,NA,NA,NA,NA,NA,NA,Juan Vargas (D),NA,NA,NA,NA,NA,Juan Vargas (D),21314,Dianne Feinstein (D),49300,Kamala Harris (D),41701,Gavin Newsom (D)
2020,1261095037,1.37244928334208,0.7379727294036103,Pennsylvania,PA,116,117,NA,NA,10,10,PA-10,PA-10,-1,-1,NA,NA,17104,42043,0,NA,NA,NA,2020-11-02T19:48:41Z,1,1,2,Moderate,1,1993,27,1,2,1,2,5,40k - 50k,3,3,Full-Time,Yes,Yes,Rent,Yes,2,5,2,4,Strongly Approve,Strongly Disapprove,Strongly Disapprove,2,NA,NA,NA,Joe Biden (Democrat),NA,NA,Hilary Clinton,NA,Democratic,NA,Yes, definitely,Inactive,Democratic Party,No Record of Party Registration,Voted,No Record of Voting,I'm Not Sure,NA,NA,NA,NA,NA,NA,NA,NA,NA,NA,NA,NA,NA,NA,NA,NA,NA,Scott Perry (R),21356,Bob Casey Jr. (D),40703,Pat Toomey (R),29935,Tom Wolf (D)
2020,1261113555,3.10858333367815,1.671500546633497,Massachusetts,MA,116,117,NA,NA,1,1,MA-01,MA-01,-1,-1,NA,NA,01040,25013,0,NA,3.3803330427000002,NA,2020-11-02T20:12:31Z,2,2,6,Liberal,1,1996,24,1,2,1,4,4,10k - 20k,2,2,Full-Time,No,No,Rent,No,4,3,3,3,Never Heard / Not Sure,Never Heard / Not Sure,Never Heard / Not Sure,2,NA,NA,NA,Joe Biden (Democrat),NA,NA,Donald Trump,NA,Democratic,NA,Plan to vote early,Active,Democratic Party,No Record of Party Registration,No Record of Voting,No Record of Voting,I'm Not Sure,NA,NA,NA,NA,NA,NA,NA,I'm Not Sure,NA,NA,NA,NA,NA,NA,NA,NA,NA,Richard Neal (D),15616,Elizabeth Warren (D),41301,Ed Markey (D),14435,Charlie Baker (R)
2020,1261093671,0.705670808062331,0.37944266400728616,Oregon,OR,116,117,Georgia,GA,1,1,OR-01,OR-01,3,3,GA-03,GA-03,97116,41067,1,0.777656029912398,NA,NA,2020-11-02T19:42:14Z,5,3,4,Moderate,2,1983,37,1,2,1,2,1,60k - 70k,3,2,Homemaker,No,Yes,Rent,Yes,12,4,2,2,Approve / Somewhat Approve,Never Heard / Not Sure,Never Heard / Not Sure,4,NA,NA,NA,Donald Trump (Republican),NA,NA,Donald Trump,NA,Republican,NA,Probably,No Record of Registration,No Record of Party Registration,No Record of Party Registration,No Record of Voting,No Record of Voting,[Democrat / Candidate 1],Democratic,NA,NA,NA,NA,NA,NA,I'm Not Sure,NA,NA,NA,Suzanne Bonamici (D),NA,NA,NA,NA,NA,Suzanne Bonamici (D),21198,Ron Wyden (D),14871,Jeff Merkley (D),40908,Kate Brown (D)
2020,1261111409,0.672068394258901,0.36137448084740903,Florida,FL,116,117,Florida,FL,9,9,FL-09,FL-09,9,9,FL-09,FL-09,34772,12097,1,0.593645916147497,NA,NA,2020-11-02T19:58:52Z,4,2,5,Conservative,1,1957,63,3,NA,1,4,1,20k - 30k,3,3,Retired,No,No,Own,No,2,1,3,1,Never Heard / Not Sure,Approve / Somewhat Approve,Strongly Disapprove,1,NA,NA,NA,NA,NA,NA,Donald Trump,Donald Trump,NA,Republican,I already voted (early or absentee),No Record of Registration,No Record of Party Registration,No Record of Party Registration,No Record of Voting,No Record of Voting,NA,NA,[Republican / Candidate 2],Republican,NA,NA,NA,NA,NA,NA,NA,NA,NA,NA,NA,Bill Olson (R),NA,NA,Darren Soto (D),21746,Marco Rubio (R),41102,Rick Scott (R),41903,Ron DeSantis (R)
2020,1261097143,0.682515135965563,0.36699174524049943,Mississippi,MS,116,117,NA,NA,1,1,MS-01,MS-01,-1,-1,NA,NA,39756,28025,0,NA,NA,NA,2020-11-02T19:49:23Z,1,1,1,Conservative,2,1995,25,2,2,1,4,5,20k - 30k,3,3,Homemaker,No,Yes,Rent,Yes,11,4,3,3,Never Heard / Not Sure,Never Heard / Not Sure,Never Heard / Not Sure,2,NA,NA,NA,NA,NA,NA,Hilary Clinton,NA,NA,NA,I already voted (early or absentee),No Record of Registration,No Record of Party Registration,No Record of Party Registration,No Record of Voting,No Record of Voting,NA,NA,NA,NA,NA,NA,NA,NA,NA,NA,NA,NA,NA,NA,NA,NA,NA,NA,Trent Kelly (R),21561,Roger Wicker (R),29534,Cindy Hyde-Smith (R),41707,Tate Reeves (R)
2020,1261113145,0.958871635088488,0.5155899939492198,North Carolina,NC,116,117,NA,NA,12,12,NC-12,NC-12,-1,-1,NA,NA,28262,37119,0,NA,1.0426953772,NA,2020-11-02T20:09:41Z,4,1,3,Very Liberal,2,1997,23,2,2,1,4,5,40k - 50k,3,3,Full-Time,No,No,Rent,Yes,10,5,1,4,Strongly Approve,Never Heard / Not Sure,Never Heard / Not Sure,5,NA,NA,NA,NA,NA,NA,Hilary Clinton,NA,NA,NA,I already voted (early or absentee),Active,Democratic Party,Democratic Party,Voted,Voted,NA,NA,NA,NA,NA,NA,NA,NA,NA,NA,NA,NA,NA,NA,NA,NA,NA,NA,Alma Adams (D),21545,Richard Burr (R),29548,Thom Tillis (R),41504,Roy Cooper (D)
2020,1261093407,2.45356351302246,1.3192931676579784,Arkansas,AR,116,117,Arkansas,AR,3,3,AR-03,AR-03,3,3,AR-03,AR-03,72712,05007,1,1.84852375040675,NA,NA,2020-11-02T19:40:39Z,3,3,4,Not Sure,2,1970,50,7,2,1,1,3,20k - 30k,3,3,Full-Time,No,No,Own,No,12,1,3,1,Approve / Somewhat Approve,Approve / Somewhat Approve,Approve / Somewhat Approve,2,NA,NA,NA,NA,NA,NA,Donald Trump,Donald Trump,NA,Republican,I already voted (early or absentee),No Record of Registration,No Record of Party Registration,No Record of Party Registration,No Record of Voting,No Record of Voting,NA,NA,[Republican / Candidate 2],Republican,NA,NA,NA,NA,NA,NA,[Republican / Candidate 2],Republican,NA,NA,NA,Steve Womack (R),Tom Cotton (R),NA,Steve Womack (R),21108,John Boozman (R),20101,Tom Cotton (R),21301,Asa Hutchinson (R)
2020,1261117135,2.27228597362493,1.2218193431950444,Arizona,AZ,116,117,NA,NA,9,9,AZ-09,AZ-09,-1,-1,NA,NA,85044,04013,0,NA,NA,NA,2020-11-02T20:13:29Z,2,2,7,Very Conservative,2,1997,23,2,1,1,5,2,40k - 50k,2,2,Temporarily Laid Off,No,No,Rent,No,NA,1,3,4,Disapprove / Somewhat Disapprove,Strongly Approve,Strongly Approve,2,NA,NA,NA,Joe Biden (Democrat),NA,NA,Hilary Clinton,NA,Democratic,NA,Probably,No Record of Registration,No Record of Party Registration,No Record of Party Registration,No Record of Voting,No Record of Voting,[Republican / Candidate 2],Republican,NA,NA,NA,NA,NA,NA,[Republican / Candidate 2],Republican,NA,NA,Dave Giles (R),Martha McSally (R),NA,NA,NA,NA,Greg Stanton (D),21968,Kyrsten Sinema (D),21300,Martha McSally (R),21501,Doug Ducey (R)
2020,1261113025,0.922434566560248,0.4959976030028874,Texas,TX,116,117,NA,NA,24,24,TX-24,TX-24,-1,-1,NA,NA,76039,48439,0,NA,NA,NA,2020-11-02T20:08:50Z,1,1,2,Moderate,2,1997,23,1,2,1,3,5,50k - 60k,3,3,Student,No,No,Rent,No,1,4,3,4,Disapprove / Somewhat Disapprove,Disapprove / Somewhat Disapprove,Strongly Disapprove,2,NA,NA,NA,I Won't Vote in this Election,NA,NA,Did Not Vote,NA,NA,NA,No,No Record of Registration,No Record of Party Registration,No Record of Party Registration,No Record of Voting,No Record of Voting,[Democrat / Candidate 1],Democratic,NA,NA,NA,NA,NA,NA,I'm Not Sure,NA,NA,NA,Candace Valenzuela (D),NA,NA,NA,NA,NA,Kenny Marchant (R),20532,John Cornyn (R),40305,Ted Cruz (R),41304,Greg Abbott (R)
2020,1261126517,1.11988071063168,0.6021653657167065,Texas,TX,116,117,NA,NA,28,28,TX-28,TX-28,-1,-1,NA,NA,78040,48479,0,NA,NA,NA,2020-11-02T20:18:31Z,5,2,5,Not Sure,1,1999,21,3,NA,1,2,5,Prefer not to say,3,3,Temporarily Laid Off,Yes,No,Rent,Yes,11,4,1,3,Approve / Somewhat Approve,Approve / Somewhat Approve,Approve / Somewhat Approve,2,NA,NA,NA,I'm Not Sure,NA,NA,Did Not Vote,NA,NA,NA,Probably,Unregistered,No Record of Party Registration,No Record of Party Registration,No Record of Voting,No Record of Voting,[Democrat / Candidate 1],Democratic,NA,NA,NA,NA,NA,NA,I'm Not Sure,NA,NA,NA,Henry Cuellar (D),NA,NA,NA,NA,NA,Henry Cuellar (D),20533,John Cornyn (R),40305,Ted Cruz (R),41304,Greg Abbott (R)
2020,1261107187,0.521754677327641,0.2805500560056824,Oklahoma,OK,116,117,NA,NA,1,1,OK-01,OK-01,-1,-1,NA,NA,74105,40143,0,NA,0.5673660271000001,NA,2020-11-02T19:55:29Z,3,3,4,Not Sure,1,2001,19,1,2,1,2,1,30k - 40k,3,3,Full-Time,No,No,Other,No,11,2,3,4,Never Heard / Not Sure,Never Heard / Not Sure,Never Heard / Not Sure,3,NA,NA,NA,Joe Biden (Democrat),NA,NA,Did Not Vote,NA,Democratic,NA,Yes, definitely,Active,Independent Party,No Record of Party Registration,Voted,No Record of Voting,No One,NA,NA,NA,NA,NA,NA,NA,No One,NA,NA,NA,NA,NA,NA,NA,NA,NA,Kevin Hern (R),21760,Jim Inhofe (R),15424,James Lankford (R),21166,Kevin Stitt (R)
2020,1261111643,1.08262705943023,0.5821338942510089,Florida,FL,116,117,Florida,FL,23,23,FL-23,FL-23,23,23,FL-23,FL-23,33323,12011,1,2.83965554002518,NA,NA,2020-11-02T19:59:57Z,1,1,2,Moderate,1,1981,39,2,2,1,2,5,30k - 40k,3,3,Student,No,No,Rent,Yes,11,4,2,2,Disapprove / Somewhat Disapprove,Disapprove / Somewhat Disapprove,Disapprove / Somewhat Disapprove,3,NA,NA,NA,Donald Trump (Republican),NA,NA,Did Not Vote,NA,Republican,NA,Yes, definitely,No Record of Registration,No Record of Party Registration,No Record of Party Registration,No Record of Voting,No Record of Voting,I'm Not Sure,NA,NA,NA,NA,NA,NA,NA,NA,NA,NA,NA,NA,NA,NA,NA,NA,NA,Debbie Wasserman Schultz (D),20504,Marco Rubio (R),41102,Rick Scott (R),41903,Ron DeSantis (R)
2020,1261111163,0.625596826835931,0.3363864904953858,Massachusetts,MA,116,117,Massachusetts,MA,9,9,MA-09,MA-09,9,9,MA-09,MA-09,02568,25007,1,0.55968787132431,0.6802859689,0.9699880286,2020-11-02T19:57:24Z,1,1,2,Liberal,1,1998,22,4,2,1,5,5,Prefer not to say,3,3,Part-Time,No,No,Other,Yes,1,5,1,4,Never Heard / Not Sure,Never Heard / Not Sure,Never Heard / Not Sure,2,NA,NA,NA,NA,NA,NA,Did Not Vote,Joe Biden,NA,Democratic,I already voted (early or absentee),Active,No Party Affiliation,No Record of Party Registration,Voted,No Record of Voting,NA,NA,[Democrat / Candidate 1],Democratic,NA,NA,NA,NA,NA,NA,[Democrat / Candidate 1],Democratic,NA,NA,NA,Bill Keating (D),Ed Markey (D),NA,Bill Keating (D),21140,Elizabeth Warren (D),41301,Ed Markey (D),14435,Charlie Baker (R)
2020,1261111345,0.68499854419968,0.36832708606146725,Pennsylvania,PA,116,117,Pennsylvania,PA,5,5,PA-05,PA-05,5,5,PA-05,PA-05,19013,42045,1,4.70249159538643,NA,NA,2020-11-02T19:58:29Z,1,1,1,Very Liberal,2,1994,26,2,2,1,2,5,Less than 10k,3,3,Unemployed,No,No,Rent,Yes,2,5,1,4,Approve / Somewhat Approve,Approve / Somewhat Approve,Approve / Somewhat Approve,1,NA,NA,NA,Joe Biden (Democrat),NA,NA,Hilary Clinton,Joe Biden,Democratic,Democratic,Yes, definitely,Dropped,Republican Party,No Record of Party Registration,No Record of Voting,No Record of Voting,[Democrat / Candidate 1],Democratic,[Democrat / Candidate 1],Democratic,NA,NA,NA,NA,NA,NA,NA,NA,Mary Gay Scanlon (D),NA,NA,Mary Gay Scanlon (D),NA,NA,Mary Gay Scanlon (D),21762,Bob Casey Jr. (D),40703,Pat Toomey (R),29935,Tom Wolf (D)
2020,1261125133,0.379490948794853,0.20405414951592096,Florida,FL,116,117,NA,NA,1,1,FL-01,FL-01,-1,-1,NA,NA,32571,12113,0,NA,NA,NA,2020-11-02T20:17:04Z,1,1,2,Conservative,2,1997,23,1,2,1,2,5,20k - 30k,3,3,Permanently Disabled,No,No,Own,Yes,1,4,2,4,Never Heard / Not Sure,Approve / Somewhat Approve,Never Heard / Not Sure,3,NA,NA,NA,NA,NA,NA,Donald Trump,NA,NA,NA,I already voted (early or absentee),No Record of Registration,No Record of Party Registration,No Record of Party Registration,No Record of Voting,No Record of Voting,NA,NA,NA,NA,NA,NA,NA,NA,NA,NA,NA,NA,NA,NA,NA,NA,NA,NA,Matt Gaetz (R),21719,Marco Rubio (R),41102,Rick Scott (R),41903,Ron DeSantis (R)
2020,1261113403,0.933162913575974,0.5017662879556056,Massachusetts,MA,116,117,NA,NA,2,2,MA-02,MA-02,-1,-1,NA,NA,01562,25027,0,NA,NA,NA,2020-11-02T20:11:34Z,5,8,8,Not Sure,2,1992,28,6,1,1,3,5,10k - 20k,3,3,Part-Time,No,Yes,Rent,Yes,12,5,3,5,Never Heard / Not Sure,Never Heard / Not Sure,Never Heard / Not Sure,5,NA,NA,NA,I Won't Vote in this Election,NA,NA,Did Not Vote,NA,NA,NA,No,Multiple Appearances,No Record of Party Registration,No Record of Party Registration,No Record of Voting,No Record of Voting,I'm Not Sure,NA,NA,NA,NA,NA,NA,NA,I'm Not Sure,NA,NA,NA,NA,NA,NA,NA,NA,NA,Jim McGovern (D),29729,Elizabeth Warren (D),41301,Ed Markey (D),14435,Charlie Baker (R)
2020,1261120851,0.809017277804105,0.4350125690487647,Indiana,IN,116,117,Indiana,IN,8,8,IN-08,IN-08,8,8,IN-08,IN-08,47804,18167,1,1.31462127818591,0.8797408796,0.37572517380000003,2020-11-02T20:14:10Z,5,3,4,Not Sure,2,1983,37,1,2,1,1,2,10k - 20k,3,3,Unemployed,No,Yes,Own,Yes,1,6,7,2,Never Heard / Not Sure,Never Heard / Not Sure,Never Heard / Not Sure,5,NA,NA,NA,Donald Trump (Republican),NA,NA,Did Not Vote,NA,Republican,NA,No,Active,Unknown,No Record of Party Registration,No Record of Voting,No Record of Voting,I'm Not Sure,NA,NA,NA,I'm Not Sure,NA,NA,NA,NA,NA,NA,NA,NA,NA,NA,NA,NA,NA,Larry Bucshon (R),21132,Todd Young (R),21133,Mike Braun (R),41900,Eric Holcomb (R)
2020,1261124395,4.15890410634222,2.236263191606964,Idaho,ID,116,117,NA,NA,2,2,ID-02,ID-02,-1,-1,NA,NA,83301,16083,0,NA,NA,NA,2020-11-02T20:14:42Z,3,3,4,Not Sure,2,1997,23,1,2,1,2,1,20k - 30k,3,3,Homemaker,No,Yes,Rent,No,3,4,3,1,Never Heard / Not Sure,Never Heard / Not Sure,Never Heard / Not Sure,1,NA,NA,NA,Donald Trump (Republican),NA,NA,Donald Trump,NA,Republican,NA,Probably,No Record of Registration,No Record of Party Registration,No Record of Party Registration,No Record of Voting,No Record of Voting,I'm Not Sure,NA,NA,NA,NA,NA,NA,NA,I'm Not Sure,NA,NA,NA,NA,NA,NA,NA,NA,NA,Mike Simpson (R),29910,Mike Crapo (R),29345,Jim Risch (R),40902,Brad Little (R)
2020,1261129905,0.462719199457325,0.2488063892163977,Texas,TX,116,117,NA,NA,33,33,TX-33,TX-33,-1,-1,NA,NA,75224,48113,0,NA,NA,NA,2020-11-02T20:24:22Z,1,1,2,Conservative,2,2001,19,3,NA,1,2,6,Prefer not to say,3,3,Homemaker,No,Yes,Rent,Yes,11,4,7,4,Never Heard / Not Sure,Never Heard / Not Sure,Never Heard / Not Sure,2,NA,NA,NA,Joe Biden (Democrat),NA,NA,Did Not Vote,NA,Democratic,NA,No,No Record of Registration,No Record of Party Registration,No Record of Party Registration,No Record of Voting,No Record of Voting,I'm Not Sure,NA,NA,NA,NA,NA,NA,NA,No One,NA,NA,NA,NA,NA,NA,NA,NA,NA,Marc Veasey (D),21365,John Cornyn (R),40305,Ted Cruz (R),41304,Greg Abbott (R)
2020,1261112527,0.198926088371087,0.10696353604215825,Alabama,AL,116,117,NA,NA,6,6,AL-06,AL-06,-1,-1,NA,NA,35127,01073,0,NA,0.21631603770000002,NA,2020-11-02T20:05:29Z,1,1,1,Liberal,2,1999,21,5,2,1,2,5,20k - 30k,3,3,Part-Time,Yes,No,Rent,No,12,2,3,4,Approve / Somewhat Approve,Strongly Disapprove,Strongly Approve,3,NA,NA,NA,I Won't Vote in this Election,NA,NA,Did Not Vote,NA,NA,NA,No,Active,Unknown,No Record of Party Registration,No Record of Voting,No Record of Voting,[Democrat / Candidate 1],Independent,NA,NA,NA,NA,NA,NA,[Democrat / Candidate 1],Democratic,NA,NA,Kaynen Pellegrino (I),Doug Jones (D),NA,NA,NA,NA,Gary Palmer (R),21500,Richard Shelby (R),94659,Doug Jones (D),41705,Kay Ivey (R)
2020,1260782541,0.71681621090073,0.38543560192694987,Florida,FL,116,117,Florida,FL,12,12,FL-12,FL-12,12,12,FL-12,FL-12,34683,12103,1,1.28721385129315,0.7794796739000001,1.2940050111999999,2020-11-02T19:47:54Z,1,1,1,Very Liberal,1,2001,19,1,2,1,4,5,Prefer not to say,3,3,Student,No,No,Rent,No,5,4,2,4,Strongly Disapprove,Strongly Disapprove,Strongly Disapprove,4,NA,NA,NA,NA,NA,NA,Did Not Vote,Other / Someone Else,NA,Other Candidate,I already voted (early or absentee),Active,Democratic Party,No Record of Party Registration,Voted,Voted,NA,NA,[Democrat / Candidate 1],Democratic,NA,NA,NA,NA,NA,NA,NA,NA,NA,NA,NA,Kimberly Walker (D),NA,NA,Gus Bilirakis (R),20758,Marco Rubio (R),41102,Rick Scott (R),41903,Ron DeSantis (R)
2020,1261130539,1.3614111899864,0.732037492320556,Indiana,IN,116,117,Indiana,IN,4,4,IN-04,IN-04,4,4,IN-04,IN-04,47952,18045,1,1.32124861130355,1.4804245974,1.6512328742,2020-11-02T20:28:28Z,2,2,7,Conservative,2,1982,38,1,2,1,2,1,70k - 80k,3,3,Homemaker,No,Yes,Own,Yes,12,1,2,1,Disapprove / Somewhat Disapprove,Approve / Somewhat Approve,Approve / Somewhat Approve,3,NA,NA,NA,NA,NA,NA,Donald Trump,Donald Trump,NA,Republican,I already voted (early or absentee),Active,Unknown,No Record of Party Registration,Voted,No Record of Voting,NA,NA,[Republican / Candidate 2],Republican,NA,NA,Other,NA,NA,NA,NA,NA,NA,NA,NA,Jim Baird (R),NA,NA,Jim Baird (R),21903,Todd Young (R),21133,Mike Braun (R),41900,Eric Holcomb (R)
2020,1261130225,0.392706296279814,0.2111601068520967,New Jersey,NJ,116,117,NA,NA,12,12,NJ-12,NJ-12,-1,-1,NA,NA,08618,34021,0,NA,NA,NA,2020-11-02T20:26:31Z,3,1,3,Moderate,2,1991,29,2,2,1,5,5,50k - 60k,1,3,Full-Time,No,No,Rent,Yes,11,5,2,4,Never Heard / Not Sure,Never Heard / Not Sure,Approve / Somewhat Approve,2,NA,NA,NA,NA,NA,NA,Hilary Clinton,NA,NA,NA,I already voted (early or absentee),No Record of Registration,No Record of Party Registration,No Record of Party Registration,No Record of Voting,No Record of Voting,NA,NA,NA,NA,NA,NA,NA,NA,NA,NA,NA,NA,NA,NA,NA,NA,NA,NA,Bonnie Watson Coleman (D),21538,Bob Menendez (D),29373,Cory Booker (D),41308,Phil Murphy (D)
2020,1261113377,1.15448336185097,0.620771381454292,Iowa,IA,116,117,NA,NA,2,2,IA-02,IA-02,-1,-1,NA,NA,52601,19057,0,NA,1.2554073147,NA,2020-11-02T20:11:23Z,3,3,4,Moderate,2,1996,24,3,NA,1,2,2,Less than 10k,3,3,Unemployed,No,Yes,Rent,Yes,11,6,7,2,Disapprove / Somewhat Disapprove,Disapprove / Somewhat Disapprove,Disapprove / Somewhat Disapprove,4,NA,NA,NA,Other,NA,NA,Did Not Vote,NA,Other Candidate,NA,Undecided,Active,No Party Affiliation,No Record of Party Registration,No Record of Voting,No Record of Voting,[Republican / Candidate 2],Republican,NA,NA,NA,NA,NA,NA,[Democrat / Candidate 1],Democratic,NA,NA,Mariannette Miller-Meeks (R),Theresa Greenfield (D),NA,NA,NA,NA,Dave Loebsack (D),20720,Chuck Grassley (R),14226,Joni Ernst (R),41502,Kim Reynolds (R)
2020,1261054283,0.919265719280645,0.4942936982361501,Maryland,MD,116,117,Maryland,MD,5,5,MD-05,MD-05,5,5,MD-05,MD-05,20695,24017,1,0.644513606409578,0.999627146,0.5945065357,2020-11-02T18:35:16Z,1,1,2,Moderate,2,1986,34,3,NA,1,3,1,120k - 150k,3,3,Full-Time,No,Yes,Own,No,2,4,3,3,Approve / Somewhat Approve,Approve / Somewhat Approve,Approve / Somewhat Approve,2,NA,NA,NA,NA,NA,NA,Hilary Clinton,Joe Biden,NA,Democratic,I already voted (early or absentee),Active,Democratic Party,Democratic Party,Voted,Voted,NA,NA,[Democrat / Candidate 1],Democratic,NA,NA,NA,NA,NA,NA,NA,NA,NA,NA,NA,Steny Hoyer (D),NA,NA,Steny Hoyer (D),14873,Ben Cardin (D),15408,Chris Van Hollen (D),20330,Larry Hogan (R)
2020,1261111145,0.664177805025863,0.35713167221062797,Tennessee,TN,116,117,NA,NA,4,4,TN-04,TN-04,-1,-1,NA,NA,37128,47149,0,NA,NA,NA,2020-11-02T19:57:11Z,1,1,2,Liberal,2,1991,29,2,2,1,5,1,50k - 60k,1,3,Full-Time,No,Yes,Rent,Yes,1,5,2,4,Never Heard / Not Sure,Never Heard / Not Sure,Never Heard / Not Sure,5,NA,NA,NA,NA,NA,NA,Hilary Clinton,NA,NA,NA,I already voted (early or absentee),No Record of Registration,No Record of Party Registration,No Record of Party Registration,No Record of Voting,No Record of Voting,NA,NA,NA,NA,NA,NA,NA,NA,NA,NA,NA,NA,NA,NA,NA,NA,NA,NA,Scott DesJarlais (R),21179,Lamar Alexander (R),40304,Marsha Blackburn (R),20351,Bill Lee (R)
2020,1261116075,0.570448065636763,0.30673273037517745,Texas,TX,116,117,NA,NA,28,28,TX-28,TX-28,-1,-1,NA,NA,78239,48029,0,NA,NA,NA,2020-11-02T20:21:37Z,5,1,3,Moderate,1,1991,29,2,2,1,2,5,20k - 30k,3,3,Part-Time,Yes,Yes,Rent,No,1,5,3,4,Never Heard / Not Sure,Never Heard / Not Sure,Never Heard / Not Sure,4,NA,NA,NA,I'm Not Sure,NA,NA,Did Not Vote,NA,NA,NA,Undecided,Inactive,Unknown,No Record of Party Registration,No Record of Voting,No Record of Voting,I'm Not Sure,NA,NA,NA,NA,NA,NA,NA,I'm Not Sure,NA,NA,NA,NA,NA,NA,NA,NA,NA,Henry Cuellar (D),20533,John Cornyn (R),40305,Ted Cruz (R),41304,Greg Abbott (R)
2020,1261130997,0.356896414780485,0.19190495745573619,Florida,FL,116,117,NA,NA,1,1,FL-01,FL-01,-1,-1,NA,NA,32514,12033,0,NA,0.3880959956,NA,2020-11-02T20:31:55Z,1,1,1,Liberal,2,2000,20,1,2,1,3,6,80k - 100k,3,3,Full-Time,No,No,Other,No,9,4,1,4,Strongly Disapprove,Strongly Disapprove,Strongly Disapprove,4,NA,NA,NA,NA,NA,NA,Did Not Vote,NA,NA,NA,I already voted (early or absentee),Active,Democratic Party,No Record of Party Registration,Voted,Voted,NA,NA,NA,NA,NA,NA,NA,NA,NA,NA,NA,NA,NA,NA,NA,NA,NA,NA,Matt Gaetz (R),21719,Marco Rubio (R),41102,Rick Scott (R),41903,Ron DeSantis (R)
2020,1260836461,0.907041009893525,0.4877204118771741,Georgia,GA,116,117,Georgia,GA,13,13,GA-13,GA-13,13,13,GA-13,GA-13,30236,13063,1,0.913628107256846,0.9863337629000001,0.5868346845,2020-11-02T20:00:09Z,2,2,7,Conservative,1,1975,45,2,2,1,3,3,50k - 60k,3,3,Part-Time,No,Yes,Own,No,11,2,2,1,Never Heard / Not Sure,Strongly Approve,Approve / Somewhat Approve,1,NA,NA,NA,Donald Trump (Republican),NA,NA,Hilary Clinton,NA,Republican,NA,Yes, definitely,Active,Unknown,No Record of Party Registration,No Record of Voting,No Record of Voting,[Republican / Candidate 2],Republican,NA,NA,NA,NA,NA,NA,[Republican / Candidate 2],Republican,NA,NA,Becky Hites (R),David Perdue (R),NA,NA,NA,NA,David Scott (D),20321,David Perdue (R),41501,Kelly Loeffler (R),41904,Brian Kemp (R)
2020,1261129805,0.794936591520106,0.4274413147845816,New York,NY,116,117,NA,NA,27,27,NY-27,NY-27,-1,-1,NA,NA,14059,36029,0,NA,NA,NA,2020-11-02T20:23:43Z,3,8,8,Moderate,2,1997,23,1,2,1,2,5,100k - 120k,3,1,Full-Time,No,No,Rent,No,12,2,3,3,Strongly Disapprove,Never Heard / Not Sure,Never Heard / Not Sure,2,NA,NA,NA,I'm Not Sure,NA,NA,Did Not Vote,NA,NA,NA,Undecided,Unregistered,No Record of Party Registration,No Record of Party Registration,No Record of Voting,No Record of Voting,I'm Not Sure,NA,NA,NA,NA,NA,NA,NA,NA,NA,NA,NA,NA,NA,NA,NA,NA,NA,Chris Jacobs (R),21345,Chuck Schumer (D),14858,Kirsten Gillibrand (D),20735,Andrew Cuomo (D)
2020,1261130807,1.57938979838104,0.849245662080297,Kentucky,KY,116,117,NA,NA,5,5,KY-05,KY-05,-1,-1,NA,NA,40962,21051,0,NA,1.7174587102,NA,2020-11-02T20:30:14Z,2,2,7,Conservative,1,1994,26,1,2,1,2,3,20k - 30k,3,3,Homemaker,No,Yes,Rent,No,1,1,2,1,Never Heard / Not Sure,Approve / Somewhat Approve,Disapprove / Somewhat Disapprove,2,NA,NA,NA,Donald Trump (Republican),NA,NA,Donald Trump,NA,Republican,NA,Yes, definitely,Active,Republican Party,No Record of Party Registration,No Record of Voting,No Record of Voting,[Republican / Candidate 2],Republican,NA,NA,NA,NA,NA,NA,[Republican / Candidate 2],Republican,NA,NA,Hal Rogers (R),Mitch McConnell (R),NA,NA,NA,NA,Hal Rogers (R),14854,Mitch McConnell (R),14921,Rand Paul (R),41104,Andy Beshear (D)
2020,1261132233,0.545098899817991,0.29310235924639516,Ohio,OH,116,117,NA,NA,3,3,OH-03,OH-03,-1,-1,NA,NA,43068,39049,0,NA,0.5927509817000001,NA,2020-11-02T20:41:34Z,5,8,8,Not Sure,1,2002,18,2,2,1,2,5,Prefer not to say,3,3,Student,Yes,No,Rent,Yes,11,4,7,4,Never Heard / Not Sure,Never Heard / Not Sure,Never Heard / Not Sure,5,NA,NA,NA,I'm Not Sure,NA,NA,Did Not Vote,NA,NA,NA,Undecided,Active,Unknown,No Record of Party Registration,Voted,No Record of Voting,I'm Not Sure,NA,NA,NA,NA,NA,NA,NA,NA,NA,NA,NA,NA,NA,NA,NA,NA,NA,Joyce Beatty (D),21352,Sherrod Brown (D),29389,Rob Portman (R),29386,Mike DeWine (R)
2020,1261129143,0.715855069276859,0.38491879134886847,Pennsylvania,PA,116,117,NA,NA,8,8,PA-08,PA-08,-1,-1,NA,NA,18705,42079,0,NA,NA,NA,2020-11-02T20:20:00Z,5,3,4,Not Sure,2,1999,21,2,2,1,2,5,20k - 30k,3,3,Full-Time,No,Yes,Other,Yes,11,5,4,4,Never Heard / Not Sure,Never Heard / Not Sure,Never Heard / Not Sure,5,NA,NA,NA,Other,NA,NA,Did Not Vote,NA,Other Candidate,NA,No,Unregistered,No Record of Party Registration,No Record of Party Registration,No Record of Voting,No Record of Voting,I'm Not Sure,NA,NA,NA,NA,NA,NA,NA,NA,NA,NA,NA,NA,NA,NA,NA,NA,NA,Matt Cartwright (D),21358,Bob Casey Jr. (D),40703,Pat Toomey (R),29935,Tom Wolf (D)
2020,1261129821,0.880521414630855,0.4734606950801974,Ohio,OH,116,117,NA,NA,15,15,OH-15,OH-15,-1,-1,NA,NA,45701,39009,0,NA,NA,NA,2020-11-02T20:23:53Z,5,3,4,Not Sure,2,1996,24,1,2,1,2,1,Prefer not to say,3,3,Unemployed,Yes,Yes,Rent,Yes,11,5,7,5,Never Heard / Not Sure,Never Heard / Not Sure,Never Heard / Not Sure,5,NA,NA,NA,I Won't Vote in this Election,NA,NA,Did Not Vote,NA,NA,NA,No,Dropped,Democratic Party,No Record of Party Registration,No Record of Voting,No Record of Voting,I'm Not Sure,NA,NA,NA,NA,NA,NA,NA,NA,NA,NA,NA,NA,NA,NA,NA,NA,NA,Steve Stivers (R),21163,Sherrod Brown (D),29389,Rob Portman (R),29386,Mike DeWine (R)
2020,1261131135,0.723539445149016,0.38905071804733976,North Carolina,NC,116,117,NA,NA,6,6,NC-06,NC-06,-1,-1,NA,NA,27205,37151,0,NA,NA,NA,2020-11-02T20:33:00Z,3,1,3,Moderate,2,2001,19,6,2,1,2,5,40k - 50k,3,1,Student,No,No,Own,No,10,4,3,3,Never Heard / Not Sure,Never Heard / Not Sure,Never Heard / Not Sure,2,NA,NA,NA,Joe Biden (Democrat),NA,NA,Did Not Vote,NA,Democratic,NA,Undecided,No Record of Registration,No Record of Party Registration,No Record of Party Registration,No Record of Voting,No Record of Voting,[Democrat / Candidate 1],Democratic,NA,NA,I'm Not Sure,NA,NA,NA,[Democrat / Candidate 1],Democratic,NA,NA,Kathy Manning (D),Cal Cunningham (D),NA,NA,NA,NA,Mark Walker (R),21543,Richard Burr (R),29548,Thom Tillis (R),41504,Roy Cooper (D)
2020,1261131483,0.440351519538607,0.23677917771911983,California,CA,116,117,NA,NA,10,10,CA-10,CA-10,-1,-1,NA,NA,95358,06099,0,NA,0.4788466746,NA,2020-11-02T20:35:36Z,1,1,1,Liberal,2,1998,22,1,2,1,2,3,Less than 10k,3,1,Unemployed,No,No,Rent,No,11,5,1,3,Approve / Somewhat Approve,Approve / Somewhat Approve,Approve / Somewhat Approve,2,NA,NA,NA,Donald Trump (Republican),NA,NA,Donald Trump,NA,Republican,NA,Yes, definitely,Active,Declined to State,No Record of Party Registration,No Record of Voting,No Record of Voting,[Democrat / Candidate 1],Democratic,NA,NA,NA,NA,NA,NA,NA,NA,NA,NA,Josh Harder (D),NA,NA,NA,NA,NA,Josh Harder (D),21930,Dianne Feinstein (D),49300,Kamala Harris (D),41701,Gavin Newsom (D)
2020,1261131507,0.442630248775223,0.23800446163651334,New Jersey,NJ,116,117,NA,NA,7,7,NJ-07,NJ-07,-1,-1,NA,NA,07016,34039,0,NA,NA,NA,2020-11-02T20:35:51Z,2,2,7,Conservative,1,1978,42,2,2,1,4,1,150k+,3,3,Full-Time,Yes,Yes,Own,Yes,2,1,2,1,Never Heard / Not Sure,Never Heard / Not Sure,Strongly Disapprove,4,NA,NA,NA,Donald Trump (Republican),NA,NA,Donald Trump,NA,Republican,NA,Probably,No Record of Registration,No Record of Party Registration,No Record of Party Registration,No Record of Voting,No Record of Voting,[Republican / Candidate 2],Republican,NA,NA,NA,NA,NA,NA,I'm Not Sure,NA,NA,NA,Thomas Kean Jr. (R),NA,NA,NA,NA,NA,Tom Malinowski (D),21942,Bob Menendez (D),29373,Cory Booker (D),41308,Phil Murphy (D)
2020,1261133421,0.293938619943042,0.15805224154314387,Texas,TX,116,117,NA,NA,9,9,TX-09,TX-09,-1,-1,NA,NA,77489,48157,0,NA,0.3196344839,NA,2020-11-02T20:43:38Z,5,3,4,Liberal,2,1994,26,2,2,1,1,5,20k - 30k,3,3,Part-Time,No,Yes,Rent,No,12,4,3,4,Disapprove / Somewhat Disapprove,Strongly Disapprove,Disapprove / Somewhat Disapprove,4,NA,NA,NA,I'm Not Sure,NA,NA,Did Not Vote,NA,NA,NA,Yes, definitely,Active,Unknown,No Record of Party Registration,No Record of Voting,No Record of Voting,I'm Not Sure,NA,NA,NA,NA,NA,NA,NA,I'm Not Sure,NA,NA,NA,NA,NA,NA,NA,NA,NA,Al Green (D),20529,John Cornyn (R),40305,Ted Cruz (R),41304,Greg Abbott (R)
2020,1261132231,1.00407221663382,0.5398945689440868,Iowa,IA,116,117,Iowa,IA,4,4,IA-04,IA-04,4,4,IA-04,IA-04,50435,19067,1,1.0157289371337,1.0918473552,0.8516341917,2020-11-02T20:41:33Z,2,2,6,Moderate,1,1981,39,1,2,1,4,1,80k - 100k,3,3,Full-Time,No,Yes,Own,Yes,11,2,3,2,Disapprove / Somewhat Disapprove,Disapprove / Somewhat Disapprove,Disapprove / Somewhat Disapprove,2,NA,NA,NA,Donald Trump (Republican),NA,NA,Donald Trump,Donald Trump,Republican,Republican,Yes, definitely,Active,Democratic Party,No Record of Party Registration,Voted,No Record of Voting,I'm Not Sure,NA,[Republican / Candidate 2],Republican,NA,NA,NA,NA,I'm Not Sure,NA,[Democrat / Candidate 1],Democratic,NA,NA,NA,Randy Feenstra (R),Theresa Greenfield (D),NA,Steve King (R),20325,Chuck Grassley (R),14226,Joni Ernst (R),41502,Kim Reynolds (R)
2020,1261131529,0.296715501478471,0.15954538440153848,Missouri,MO,116,117,NA,NA,4,4,MO-04,MO-04,-1,-1,NA,NA,64759,29011,0,NA,0.3226541181,NA,2020-11-02T20:36:00Z,5,1,3,Not Sure,2,2000,20,1,2,1,2,5,10k - 20k,3,3,Homemaker,No,Yes,Rent,Yes,10,4,3,2,Never Heard / Not Sure,Never Heard / Not Sure,Never Heard / Not Sure,3,NA,NA,NA,I'm Not Sure,NA,NA,Did Not Vote,NA,NA,NA,Probably,Active,Unknown,No Record of Party Registration,Voted,No Record of Voting,No One,NA,NA,NA,I'm Not Sure,NA,NA,NA,NA,NA,NA,NA,NA,NA,NA,NA,NA,NA,Vicky Hartzler (R),21149,Roy Blunt (R),29735,Josh Hawley (R),41901,Mike Parson (R)
2020,1261111415,1.07275074187336,0.5768233497286263,New Jersey,NJ,116,117,New Jersey,NJ,3,3,NJ-03,NJ-03,3,3,NJ-03,NJ-03,08005,34029,1,2.00922911399268,NA,NA,2020-11-02T19:58:52Z,2,2,6,Not Sure,2,2000,20,1,2,1,2,5,Less than 10k,3,3,Homemaker,No,Yes,Rent,Yes,11,3,4,3,Never Heard / Not Sure,Never Heard / Not Sure,Never Heard / Not Sure,5,NA,NA,NA,Donald Trump (Republican),NA,NA,Did Not Vote,NA,Republican,NA,No,Unregistered,No Record of Party Registration,No Record of Party Registration,No Record of Voting,No Record of Voting,No One,NA,NA,NA,NA,NA,NA,NA,[Democrat / Candidate 1],Democratic,NA,NA,NA,Cory Booker (D),NA,NA,NA,NA,Andy Kim (D),21937,Bob Menendez (D),29373,Cory Booker (D),41308,Phil Murphy (D)
2020,1261132143,0.592196625960617,0.31842703822144647,Utah,UT,116,117,Utah,UT,1,1,UT-01,UT-01,1,1,UT-01,UT-01,84015,49011,1,0.589665099427612,0.6439659509,0.7929026492,2020-11-02T20:41:02Z,2,2,7,Conservative,1,1987,33,1,2,1,3,1,40k - 50k,3,3,Full-Time,No,Yes,Own,Yes,3,2,1,2,Never Heard / Not Sure,Disapprove / Somewhat Disapprove,Approve / Somewhat Approve,2,NA,NA,NA,I'm Not Sure,NA,NA,Did Not Vote,NA,NA,NA,Probably,Active,Republican Party,No Record of Party Registration,No Record of Voting,No Record of Voting,I'm Not Sure,NA,NA,NA,[Republican / Candidate 2],Republican,NA,NA,NA,NA,NA,NA,NA,NA,Spencer Cox (R),NA,NA,NA,Rob Bishop (R),20357,Mike Lee (R),41110,Mitt Romney (R),41902,Gary Herbert (R)
2020,1261147653,0.415167067519838,0.22323737401066698,California,CA,116,117,California,CA,39,39,CA-39,CA-39,39,39,CA-39,CA-39,92835,06059,1,0.353914452706691,NA,NA,2020-11-02T20:52:45Z,3,2,5,Moderate,2,1972,48,1,2,1,2,6,50k - 60k,3,3,Full-Time,No,No,Own,No,11,4,3,4,Disapprove / Somewhat Disapprove,Disapprove / Somewhat Disapprove,Disapprove / Somewhat Disapprove,3,NA,NA,NA,Joe Biden (Democrat),NA,NA,Did Not Vote,NA,Democratic,NA,Yes, definitely,No Record of Registration,No Record of Party Registration,No Record of Party Registration,No Record of Voting,No Record of Voting,I'm Not Sure,NA,NA,NA,NA,NA,NA,NA,NA,NA,NA,NA,NA,NA,NA,NA,NA,NA,Gil Cisneros (D),21907,Dianne Feinstein (D),49300,Kamala Harris (D),41701,Gavin Newsom (D)
2020,1261022375,0.625101198176458,0.3361199885276692,Connecticut,CT,116,117,Connecticut,CT,1,1,CT-01,CT-01,1,1,CT-01,CT-01,06114,09003,1,1.79880658630936,0.6797470128,1.4294625607,2020-11-02T20:45:23Z,1,1,1,Liberal,1,2000,20,1,2,1,3,5,20k - 30k,3,3,Full-Time,No,No,Rent,Yes,2,4,2,4,Never Heard / Not Sure,Strongly Approve,Strongly Approve,1,NA,NA,NA,Joe Biden (Democrat),NA,NA,Did Not Vote,Joe Biden,Democratic,Democratic,Yes, definitely,Active,Democratic Party,No Record of Party Registration,Voted,No Record of Voting,[Democrat / Candidate 1],Democratic,[Democrat / Candidate 1],Democratic,NA,NA,NA,NA,NA,NA,NA,NA,John Larson (D),NA,NA,John Larson (D),NA,NA,John B. Larson (D),29908,Richard Blumenthal (D),41101,Chris Murphy (D),20707,Ned Lamont (D)
2020,1261131133,1.30198598422188,0.7000842669258632,Pennsylvania,PA,116,117,Pennsylvania,PA,12,12,PA-12,PA-12,12,12,PA-12,PA-12,17870,42109,1,1.49276160761915,1.4158044907,1.2164238039,2020-11-02T20:32:58Z,2,2,7,Very Conservative,1,1977,43,1,2,1,3,4,20k - 30k,3,3,Unemployed,No,No,Own,No,1,3,3,1,Strongly Approve,Strongly Disapprove,Approve / Somewhat Approve,3,NA,NA,NA,Donald Trump (Republican),NA,NA,Donald Trump,Donald Trump,Republican,Republican,Plan to vote early,Active,Republican Party,Republican Party,Voted,Voted,[Republican / Candidate 2],Republican,NA,NA,NA,NA,NA,NA,NA,NA,NA,NA,Fred Keller (R),NA,NA,NA,NA,NA,Fred Keller (R),21985,Bob Casey Jr. (D),40703,Pat Toomey (R),29935,Tom Wolf (D)
2020,1261131209,0.3836285167036,0.20627894012914882,South Carolina,SC,116,117,NA,NA,4,4,SC-04,SC-04,-1,-1,NA,NA,29690,45045,0,NA,NA,NA,2020-11-02T20:33:43Z,1,1,1,Not Sure,2,2000,20,2,2,1,2,5,Less than 10k,3,3,Part-Time,No,No,Rent,Yes,1,5,2,4,Never Heard / Not Sure,Strongly Approve,Never Heard / Not Sure,5,NA,NA,NA,Joe Biden (Democrat),NA,NA,Hilary Clinton,NA,Democratic,NA,Yes, definitely,No Record of Registration,No Record of Party Registration,No Record of Party Registration,No Record of Voting,No Record of Voting,I'm Not Sure,NA,NA,NA,NA,NA,NA,NA,[Democrat / Candidate 1],Democratic,NA,NA,NA,Jaime Harrison (D),NA,NA,NA,NA,William Timmons (R),21974,Lindsey Graham (R),29566,Tim Scott (R),21173,Henry McMaster (R)
2020,1261132061,1.69934318002145,0.9137451853230092,Florida,FL,116,117,NA,NA,25,25,FL-25,FL-25,-1,-1,NA,NA,33174,12086,0,NA,NA,NA,2020-11-02T20:40:20Z,3,1,3,Moderate,1,1996,24,3,NA,1,3,5,10k - 20k,3,3,Unemployed,Yes,No,Own,Yes,12,1,1,4,Strongly Disapprove,Strongly Disapprove,Strongly Disapprove,4,NA,NA,NA,Joe Biden (Democrat),NA,NA,Hilary Clinton,NA,Democratic,NA,Yes, definitely,No Record of Registration,No Record of Party Registration,No Record of Party Registration,No Record of Voting,No Record of Voting,No One,NA,NA,NA,NA,NA,NA,NA,NA,NA,NA,NA,NA,NA,NA,NA,NA,NA,Mario Diaz-Balart (R),20316,Marco Rubio (R),41102,Rick Scott (R),41903,Ron DeSantis (R)
2020,1261147171,0.406539539633037,0.21859830983546907,Arkansas,AR,116,117,NA,NA,1,1,AR-01,AR-01,-1,-1,NA,NA,72450,05055,0,NA,NA,NA,2020-11-02T20:52:34Z,5,8,8,Moderate,2,1996,24,1,2,1,2,1,Less than 10k,3,3,Homemaker,No,Yes,Own,Yes,11,3,3,1,Never Heard / Not Sure,Never Heard / Not Sure,Never Heard / Not Sure,2,NA,NA,NA,Donald Trump (Republican),NA,NA,Donald Trump,NA,Republican,NA,Undecided,No Record of Registration,No Record of Party Registration,No Record of Party Registration,No Record of Voting,No Record of Voting,I'm Not Sure,NA,NA,NA,NA,NA,NA,NA,No One,NA,NA,NA,NA,NA,NA,NA,NA,NA,Rick Crawford (R),21106,John Boozman (R),20101,Tom Cotton (R),21301,Asa Hutchinson (R)
2020,1257252355,1.66551183911284,0.8955539069328058,Kentucky,KY,116,117,NA,NA,5,5,KY-05,KY-05,-1,-1,NA,NA,40759,21235,0,NA,NA,NA,2020-11-02T20:51:44Z,5,3,4,Moderate,1,1987,33,1,2,1,2,5,20k - 30k,3,3,Unemployed,Yes,No,Rent,No,11,5,3,2,Never Heard / Not Sure,Never Heard / Not Sure,Never Heard / Not Sure,2,NA,NA,NA,I Won't Vote in this Election,NA,NA,Did Not Vote,NA,NA,NA,No,No Record of Registration,No Record of Party Registration,No Record of Party Registration,No Record of Voting,No Record of Voting,No One,NA,NA,NA,NA,NA,NA,NA,No One,NA,NA,NA,NA,NA,NA,NA,NA,NA,Hal Rogers (R),14854,Mitch McConnell (R),14921,Rand Paul (R),41104,Andy Beshear (D)
2020,1261106911,0.555115088464646,0.2984881131416457,Illinois,IL,116,117,NA,NA,6,6,IL-06,IL-06,-1,-1,NA,NA,60047,17097,0,NA,0.603642777,NA,2020-11-02T19:53:35Z,1,1,2,Moderate,1,1991,29,4,2,1,5,5,100k - 120k,3,3,Full-Time,No,No,Own,Yes,6,4,3,4,Never Heard / Not Sure,Never Heard / Not Sure,Never Heard / Not Sure,4,NA,NA,NA,NA,NA,NA,Hilary Clinton,NA,NA,NA,I already voted (early or absentee),Active,Unknown,No Record of Party Registration,Voted,No Record of Voting,NA,NA,NA,NA,NA,NA,NA,NA,NA,NA,NA,NA,NA,NA,NA,NA,NA,NA,Sean Casten (D),21906,Dick Durbin (D),15021,Tammy Duckworth (D),21325,J. B. Pritzker (D)
2020,1261150811,2.49932255672669,1.3438980305022201,California,CA,116,117,NA,NA,10,10,CA-10,CA-10,-1,-1,NA,NA,95350,06099,0,NA,NA,NA,2020-11-02T21:03:31Z,2,2,7,Very Liberal,1,1990,30,1,2,1,1,5,20k - 30k,3,3,Full-Time,Yes,No,Own,No,11,1,7,1,Approve / Somewhat Approve,Never Heard / Not Sure,Strongly Disapprove,5,NA,NA,NA,Donald Trump (Republican),NA,NA,Donald Trump,NA,Republican,NA,No,No Record of Registration,No Record of Party Registration,No Record of Party Registration,No Record of Voting,No Record of Voting,[Democrat / Candidate 1],Democratic,NA,NA,NA,NA,NA,NA,NA,NA,NA,NA,Josh Harder (D),NA,NA,NA,NA,NA,Josh Harder (D),21930,Dianne Feinstein (D),49300,Kamala Harris (D),41701,Gavin Newsom (D)
2020,1261149503,0.646724721061563,0.34774706312818465,Michigan,MI,116,117,Michigan,MI,12,12,MI-12,MI-12,12,12,MI-12,MI-12,48126,26163,1,0.849826505961294,0.7032608457,1.0713467259,2020-11-02T20:56:05Z,3,1,3,Liberal,2,1996,24,7,2,1,4,5,10k - 20k,3,3,Student,No,No,Rent,Yes,6,5,2,4,Never Heard / Not Sure,Never Heard / Not Sure,Never Heard / Not Sure,1,NA,NA,NA,Joe Biden (Democrat),NA,NA,Hilary Clinton,Joe Biden,Democratic,Democratic,Yes, definitely,Active,Unknown,No Record of Party Registration,Voted,No Record of Voting,I'm Not Sure,NA,Not Sure,NA,NA,NA,NA,NA,I'm Not Sure,NA,I Did Not Vote In This Race,NA,NA,NA,NA,NA,NA,NA,Debbie Dingell (D),21529,Debbie Stabenow (D),29732,Gary Peters (D),20923,Gretchen Whitmer (D)
2020,1261144599,0.766951594445572,0.4123936442264715,Pennsylvania,PA,116,117,NA,NA,3,3,PA-03,PA-03,-1,-1,NA,NA,19128,42101,0,NA,NA,NA,2020-11-02T20:48:29Z,2,2,6,Conservative,2,1994,26,1,2,1,5,5,30k - 40k,3,3,Unemployed,Yes,No,Rent,Yes,2,5,4,2,Never Heard / Not Sure,Never Heard / Not Sure,Never Heard / Not Sure,3,NA,NA,NA,Donald Trump (Republican),NA,NA,Did Not Vote,NA,Republican,NA,No,Unregistered,No Record of Party Registration,No Record of Party Registration,No Record of Voting,No Record of Voting,I'm Not Sure,NA,NA,NA,NA,NA,NA,NA,NA,NA,NA,NA,NA,NA,NA,NA,NA,NA,Dwight Evans (D),21566,Bob Casey Jr. (D),40703,Pat Toomey (R),29935,Tom Wolf (D)
2020,1261091281,0.363357872978715,0.19537931530658775,Georgia,GA,116,117,NA,NA,3,3,GA-03,GA-03,-1,-1,NA,NA,30180,13045,0,NA,NA,NA,2020-11-02T19:26:19Z,4,3,4,Moderate,2,2000,20,2,2,1,2,5,Less than 10k,2,2,Other,No,No,Rent,No,1,5,3,4,Never Heard / Not Sure,Never Heard / Not Sure,Strongly Disapprove,3,NA,NA,NA,Joe Biden (Democrat),NA,NA,Hilary Clinton,NA,Democratic,NA,Yes, definitely,No Record of Registration,No Record of Party Registration,No Record of Party Registration,No Record of Voting,No Record of Voting,[Democrat / Candidate 1],Democratic,NA,NA,NA,NA,NA,NA,[Democrat / Candidate 1],Democratic,NA,NA,Val Almonord (D),Jon Ossoff (D),NA,NA,NA,NA,Drew Ferguson (R),21717,David Perdue (R),41501,Kelly Loeffler (R),41904,Brian Kemp (R)
2020,1261151061,0.602035807572483,0.3237176145635646,California,CA,116,117,NA,NA,4,4,CA-04,CA-04,-1,-1,NA,NA,95682,06017,0,NA,NA,NA,2020-11-02T21:04:57Z,5,3,4,Not Sure,2,1989,31,1,2,1,2,NA,Less than 10k,3,3,Other,No,Yes,Other,No,12,4,4,2,Never Heard / Not Sure,Never Heard / Not Sure,Never Heard / Not Sure,3,NA,NA,NA,I Won't Vote in this Election,NA,NA,Did Not Vote,NA,NA,NA,No,No Record of Registration,No Record of Party Registration,No Record of Party Registration,No Record of Voting,No Record of Voting,No One,NA,NA,NA,NA,NA,NA,NA,NA,NA,NA,NA,NA,NA,NA,NA,NA,NA,Tom McClintock (R),20903,Dianne Feinstein (D),49300,Kamala Harris (D),41701,Gavin Newsom (D)
2020,1261149269,0.463284813476019,0.24911052265595776,California,CA,116,117,California,CA,53,53,CA-53,CA-53,53,53,CA-53,CA-53,91978,06073,1,0.365907042842373,0.5037847775000001,0.2104684716,2020-11-02T20:54:46Z,3,2,5,Moderate,1,1951,69,3,NA,1,3,1,120k - 150k,2,1,Retired,No,No,Rent,No,1,1,1,1,Never Heard / Not Sure,Strongly Disapprove,Strongly Disapprove,3,NA,NA,NA,NA,NA,NA,Donald Trump,Donald Trump,NA,Republican,I already voted (early or absentee),Active,Republican Party,No Record of Party Registration,Voted,Voted,NA,NA,[Republican / Candidate 2],Democratic,NA,NA,NA,NA,NA,NA,NA,NA,NA,NA,NA,Sara Jacobs (D),NA,NA,Susan Davis (D),20108,Dianne Feinstein (D),49300,Kamala Harris (D),41701,Gavin Newsom (D)
2020,1261152355,1.69868574572328,0.9133916796675997,Georgia,GA,116,117,Georgia,GA,2,2,GA-02,GA-02,2,2,GA-02,GA-02,31217,13021,1,3.90793865114951,1.8471834077,2.4409795493,2020-11-02T21:13:35Z,1,1,1,Very Liberal,1,1979,41,2,2,1,2,1,60k - 70k,3,3,Full-Time,No,Yes,Rent,Yes,11,5,2,4,Never Heard / Not Sure,Strongly Disapprove,Never Heard / Not Sure,4,NA,NA,NA,NA,NA,NA,Hilary Clinton,Joe Biden,NA,Democratic,I already voted (early or absentee),Active,Unknown,No Record of Party Registration,Voted,No Record of Voting,NA,NA,[Democrat / Candidate 1],Democratic,NA,NA,NA,NA,NA,NA,[Democrat / Candidate 1],Democratic,NA,NA,NA,Sanford Bishop (D),Jon Ossoff (D),NA,Sanford Bishop (D),29339,David Perdue (R),41501,Kelly Loeffler (R),41904,Brian Kemp (R)
2020,1261133533,0.619003823206889,0.3328414000194419,Texas,TX,116,117,Texas,TX,20,20,TX-20,TX-20,20,20,TX-20,TX-20,78254,48029,1,0.460822786452905,0.6731166105,0.5026805686,2020-11-02T20:43:39Z,3,2,5,Moderate,2,1969,51,1,2,1,2,3,80k - 100k,1,1,Full-Time,No,No,Own,Yes,1,2,4,2,Never Heard / Not Sure,Disapprove / Somewhat Disapprove,Never Heard / Not Sure,2,NA,NA,NA,NA,NA,NA,Hilary Clinton,Donald Trump,NA,Republican,I already voted (early or absentee),Active,Unknown,No Record of Party Registration,Voted,No Record of Voting,NA,NA,[Republican / Candidate 2],Republican,NA,NA,NA,NA,NA,NA,[Democrat / Candidate 1],Democratic,NA,NA,NA,Mauro Garza (R),MJ Hegar (D),NA,Joaquin Castro (D),21362,John Cornyn (R),40305,Ted Cruz (R),41304,Greg Abbott (R)
2020,1261144437,0.522065900583649,0.280717402281044,Arizona,AZ,116,117,NA,NA,2,2,AZ-02,AZ-02,-1,-1,NA,NA,85742,04019,0,NA,NA,NA,2020-11-02T20:47:11Z,3,3,4,Moderate,1,1985,35,3,NA,1,3,6,70k - 80k,3,3,Full-Time,No,Yes,Own,No,2,5,1,4,Approve / Somewhat Approve,Approve / Somewhat Approve,Strongly Disapprove,4,NA,NA,NA,NA,NA,NA,Other / Someone Else,NA,NA,NA,I already voted (early or absentee),No Record of Registration,No Record of Party Registration,No Record of Party Registration,No Record of Voting,No Record of Voting,NA,NA,NA,NA,NA,NA,NA,NA,NA,NA,NA,NA,NA,NA,NA,NA,NA,NA,Ann Kirkpatrick (D),20902,Kyrsten Sinema (D),21300,Martha McSally (R),21501,Doug Ducey (R)
2020,1261151373,1.99993354763024,1.0753741042995388,Massachusetts,MA,116,117,NA,NA,3,3,MA-03,MA-03,-1,-1,NA,NA,01844,25009,0,NA,NA,NA,2020-11-02T21:07:02Z,5,8,8,Not Sure,1,1984,36,1,2,1,2,1,100k - 120k,2,3,Homemaker,No,Yes,Other,Yes,2,5,7,3,Never Heard / Not Sure,Never Heard / Not Sure,Never Heard / Not Sure,5,NA,NA,NA,I Won't Vote in this Election,NA,NA,Did Not Vote,NA,NA,NA,No,Multiple Appearances,No Record of Party Registration,No Record of Party Registration,No Record of Voting,No Record of Voting,No One,NA,NA,NA,NA,NA,NA,NA,No One,NA,NA,NA,NA,NA,NA,NA,NA,NA,Lori Trahan (D),21977,Elizabeth Warren (D),41301,Ed Markey (D),14435,Charlie Baker (R)
2020,1261149131,0.519088239724175,0.27911629939267113,Texas,TX,116,117,Texas,TX,2,2,TX-02,TX-02,2,2,TX-02,TX-02,77069,48201,1,0.597881972721604,0.5644664918,1.2066848565,2020-11-02T20:53:39Z,5,3,4,Moderate,2,1997,23,1,2,1,5,5,70k - 80k,3,3,Unemployed,No,No,Rent,Yes,2,4,2,4,Never Heard / Not Sure,Never Heard / Not Sure,Strongly Disapprove,3,NA,NA,NA,NA,NA,NA,Did Not Vote,Joe Biden,NA,Democratic,I already voted (early or absentee),Active,Unknown,No Record of Party Registration,Voted,No Record of Voting,NA,NA,[Democrat / Candidate 1],Democratic,NA,NA,NA,NA,NA,NA,[Democrat / Candidate 1],Democratic,NA,NA,NA,Sima Ladjevardian (D),MJ Hegar (D),NA,Dan Crenshaw (R),21911,John Cornyn (R),40305,Ted Cruz (R),41304,Greg Abbott (R)
2020,1261151259,1.32947495186146,0.7148652200173096,Florida,FL,116,117,NA,NA,15,15,FL-15,FL-15,-1,-1,NA,NA,33510,12057,0,NA,NA,NA,2020-11-02T21:06:22Z,3,3,4,Not Sure,2,1987,33,2,2,1,2,5,20k - 30k,3,3,Full-Time,No,Yes,Rent,Yes,12,4,3,4,Never Heard / Not Sure,Never Heard / Not Sure,Strongly Approve,2,NA,NA,NA,Joe Biden (Democrat),NA,NA,Did Not Vote,NA,Democratic,NA,Undecided,Unregistered,No Record of Party Registration,No Record of Party Registration,No Record of Voting,No Record of Voting,I'm Not Sure,NA,NA,NA,NA,NA,NA,NA,NA,NA,NA,NA,NA,NA,NA,NA,NA,NA,Ross Spano (R),21967,Marco Rubio (R),41102,Rick Scott (R),41903,Ron DeSantis (R)
2020,1261151321,0.895966674647277,0.4817656873513227,Virginia,VA,116,117,NA,NA,2,2,VA-02,VA-02,-1,-1,NA,NA,23503,51710,0,NA,0.9742913187000001,NA,2020-11-02T21:06:38Z,3,3,4,Moderate,2,1994,26,1,2,1,4,5,20k - 30k,3,3,Temporarily Laid Off,No,No,Rent,Yes,1,6,3,2,Never Heard / Not Sure,Never Heard / Not Sure,Never Heard / Not Sure,2,NA,NA,NA,I Won't Vote in this Election,NA,NA,Other / Someone Else,NA,NA,NA,No,Active,Unknown,No Record of Party Registration,No Record of Voting,No Record of Voting,No One,NA,NA,NA,NA,NA,NA,NA,No One,NA,NA,NA,NA,NA,NA,NA,NA,NA,Elaine Luria (D),21941,Mark Warner (D),40909,Tim Kaine (D),41305,Ralph Northam (D)
2020,1261130209,1.00464962366151,0.5402050435425824,Minnesota,MN,116,117,NA,NA,8,8,MN-08,MN-08,-1,-1,NA,NA,55056,27025,0,NA,NA,NA,2020-11-02T20:26:21Z,2,2,6,Not Sure,2,1999,21,1,2,1,3,1,40k - 50k,3,3,Student,No,Yes,Rent,No,11,2,7,1,Never Heard / Not Sure,Never Heard / Not Sure,Never Heard / Not Sure,2,NA,NA,NA,Donald Trump (Republican),NA,NA,Did Not Vote,NA,Republican,NA,Yes, definitely,No Record of Registration,No Record of Party Registration,No Record of Party Registration,No Record of Voting,No Record of Voting,I'm Not Sure,NA,NA,NA,NA,NA,NA,NA,I'm Not Sure,NA,NA,NA,NA,NA,NA,NA,NA,NA,Pete Stauber (R),21969,Amy Klobuchar (D),40700,Tina Smith (D),41706,Tim Walz (D)
2020,1261090355,0.84023683779764,0.45179947999610803,California,CA,116,117,NA,NA,52,52,CA-52,CA-52,-1,-1,NA,NA,92101,06073,0,NA,NA,NA,2020-11-02T19:21:26Z,3,8,8,Moderate,2,1976,44,1,2,1,1,4,Less than 10k,3,3,Unemployed,No,No,Rent,Yes,1,4,3,2,Approve / Somewhat Approve,Approve / Somewhat Approve,Approve / Somewhat Approve,2,NA,NA,NA,I'm Not Sure,NA,NA,Did Not Vote,NA,NA,NA,Undecided,No Record of Registration,No Record of Party Registration,No Record of Party Registration,No Record of Voting,No Record of Voting,I'm Not Sure,NA,NA,NA,NA,NA,NA,NA,NA,NA,NA,NA,NA,NA,NA,NA,NA,NA,Scott Peters (D),21315,Dianne Feinstein (D),49300,Kamala Harris (D),41701,Gavin Newsom (D)
2020,1261094447,9.05792411151887,4.870490341931458,Ohio,OH,116,117,NA,NA,9,9,OH-09,OH-09,-1,-1,NA,NA,43604,39095,0,NA,NA,NA,2020-11-02T19:46:55Z,2,2,6,Moderate,1,1996,24,1,2,1,5,5,50k - 60k,3,3,Full-Time,No,No,Rent,No,2,1,1,1,Approve / Somewhat Approve,Approve / Somewhat Approve,Strongly Approve,5,NA,NA,NA,Donald Trump (Republican),NA,NA,Did Not Vote,NA,Republican,NA,Yes, definitely,No Record of Registration,No Record of Party Registration,No Record of Party Registration,No Record of Voting,No Record of Voting,[Republican / Candidate 2],Republican,NA,NA,NA,NA,NA,NA,NA,NA,NA,NA,Rob Weber (R),NA,NA,NA,NA,NA,Marcy Kaptur (D),15029,Sherrod Brown (D),29389,Rob Portman (R),29386,Mike DeWine (R)
2020,1261182443,6.3528959094243,3.41598337424782,New York,NY,116,117,NA,NA,14,14,NY-14,NY-14,-1,-1,NA,NA,11368,36081,0,NA,NA,NA,2020-11-02T21:46:31Z,3,3,4,Not Sure,1,1988,32,4,2,1,1,5,Less than 10k,3,3,Unemployed,Yes,No,Own,Yes,1,3,7,4,Never Heard / Not Sure,Never Heard / Not Sure,Never Heard / Not Sure,5,NA,NA,NA,I Won't Vote in this Election,NA,NA,Did Not Vote,NA,NA,NA,No,No Record of Registration,No Record of Party Registration,No Record of Party Registration,No Record of Voting,No Record of Voting,No One,NA,NA,NA,NA,NA,NA,NA,NA,NA,NA,NA,NA,NA,NA,NA,NA,NA,Alexandria Ocasio-Cortez (D),21949,Chuck Schumer (D),14858,Kirsten Gillibrand (D),20735,Andrew Cuomo (D)
2020,1257248655,0.364005673336776,0.19572764074502055,New York,NY,116,117,New York,NY,15,15,NY-15,NY-15,15,15,NY-15,NY-15,10473,36005,1,0.277909830570732,NA,NA,2020-11-02T21:17:29Z,5,3,4,Moderate,1,1975,45,3,NA,1,5,6,40k - 50k,1,3,Full-Time,No,Yes,Rent,No,11,2,1,1,Strongly Disapprove,Strongly Disapprove,Strongly Disapprove,4,NA,NA,NA,Donald Trump (Republican),NA,NA,Did Not Vote,Donald Trump,Republican,Republican,Yes, definitely,Unregistered,No Record of Party Registration,No Record of Party Registration,No Record of Voting,No Record of Voting,No One,NA,[Republican / Candidate 2],Republican,NA,NA,NA,NA,NA,NA,NA,NA,NA,NA,NA,Patrick Delices (R),NA,NA,Jose E. Serrano (D),29134,Chuck Schumer (D),14858,Kirsten Gillibrand (D),20735,Andrew Cuomo (D)
2020,1260797225,1.07353521334224,0.5772451638954995,Minnesota,MN,116,117,NA,NA,4,4,MN-04,MN-04,-1,-1,NA,NA,55125,27163,0,NA,NA,NA,2020-11-02T21:34:43Z,3,2,5,Moderate,1,2001,19,1,2,1,3,5,120k - 150k,3,3,Student,No,No,Rent,Yes,1,4,1,2,Disapprove / Somewhat Disapprove,Disapprove / Somewhat Disapprove,Disapprove / Somewhat Disapprove,2,NA,NA,NA,I'm Not Sure,NA,NA,Did Not Vote,NA,NA,NA,Probably,No Record of Registration,No Record of Party Registration,No Record of Party Registration,No Record of Voting,No Record of Voting,I'm Not Sure,NA,NA,NA,NA,NA,NA,NA,[Republican / Candidate 2],Republican,NA,NA,NA,Jason Lewis (R),NA,NA,NA,NA,Betty McCollum (D),20122,Amy Klobuchar (D),40700,Tina Smith (D),41706,Tim Walz (D)
2020,1261112273,0.400290461631805,0.21523814986103612,Texas,TX,116,117,NA,NA,24,24,TX-24,TX-24,-1,-1,NA,NA,75039,48113,0,NA,NA,NA,2020-11-02T20:03:49Z,2,2,6,Moderate,2,1994,26,2,2,1,5,5,40k - 50k,3,1,Full-Time,Yes,No,Other,No,2,2,3,2,Never Heard / Not Sure,Never Heard / Not Sure,Never Heard / Not Sure,5,NA,NA,NA,Other,NA,NA,Did Not Vote,NA,Other Candidate,NA,Probably,No Record of Registration,No Record of Party Registration,No Record of Party Registration,No Record of Voting,No Record of Voting,I'm Not Sure,NA,NA,NA,NA,NA,NA,NA,I'm Not Sure,NA,NA,NA,NA,NA,NA,NA,NA,NA,Kenny Marchant (R),20532,John Cornyn (R),40305,Ted Cruz (R),41304,Greg Abbott (R)
2020,1261150395,0.895569880608733,0.48155232924535146,Tennessee,TN,116,117,Tennessee,TN,7,7,TN-07,TN-07,7,7,TN-07,TN-07,37064,47187,1,1.82546927459846,0.9738598373,6.2487360695,2020-11-02T21:01:14Z,1,1,1,Very Conservative,2,1960,60,2,2,1,2,2,Less than 10k,3,3,Permanently Disabled,No,No,Rent,No,1,4,2,4,NA,NA,NA,2,NA,NA,NA,Joe Biden (Democrat),NA,NA,Hilary Clinton,NA,Democratic,NA,Probably,Active,Unknown,No Record of Party Registration,No Record of Voting,No Record of Voting,[Democrat / Candidate 1],Democratic,NA,NA,NA,NA,NA,NA,[Democrat / Candidate 1],Democratic,NA,NA,Kiran Sreepada (D),Marquita Bradshaw (D),NA,NA,NA,NA,Mark E. Green (R),21926,Lamar Alexander (R),40304,Marsha Blackburn (R),20351,Bill Lee (R)
2020,1261119767,0.552402967390511,0.29702979230178295,Florida,FL,116,117,NA,NA,15,15,FL-15,FL-15,-1,-1,NA,NA,33511,12057,0,NA,NA,NA,2020-11-02T20:13:58Z,3,3,4,Moderate,2,1982,38,1,2,1,2,3,50k - 60k,3,3,Homemaker,No,Yes,Own,Yes,12,3,2,2,Approve / Somewhat Approve,Approve / Somewhat Approve,Approve / Somewhat Approve,2,NA,NA,NA,I Won't Vote in this Election,NA,NA,Did Not Vote,NA,NA,NA,No,No Record of Registration,No Record of Party Registration,No Record of Party Registration,No Record of Voting,No Record of Voting,I'm Not Sure,NA,NA,NA,NA,NA,NA,NA,NA,NA,NA,NA,NA,NA,NA,NA,NA,NA,Ross Spano (R),21967,Marco Rubio (R),41102,Rick Scott (R),41903,Ron DeSantis (R)
2020,1261125099,1.64225910791601,0.8830507990105758,Texas,TX,116,117,NA,NA,14,14,TX-14,TX-14,-1,-1,NA,NA,77541,48039,0,NA,NA,NA,2020-11-02T20:16:53Z,3,3,4,Conservative,1,1987,33,1,2,1,2,2,20k - 30k,3,2,Temporarily Laid Off,No,Yes,Rent,No,1,4,2,1,Approve / Somewhat Approve,Approve / Somewhat Approve,Strongly Approve,2,NA,NA,NA,NA,NA,NA,Donald Trump,NA,NA,NA,I already voted (early or absentee),No Record of Registration,No Record of Party Registration,No Record of Party Registration,No Record of Voting,No Record of Voting,NA,NA,NA,NA,NA,NA,NA,NA,NA,NA,NA,NA,NA,NA,NA,NA,NA,NA,Randy Weber (R),21360,John Cornyn (R),40305,Ted Cruz (R),41304,Greg Abbott (R)
2020,1261205787,1.56123207370011,0.8394821642190755,Michigan,MI,116,117,Michigan,MI,5,5,MI-05,MI-05,5,5,MI-05,MI-05,48458,26049,1,1.54485893460723,1.6977136527,2.1370075365,2020-11-02T22:25:43Z,1,1,2,Very Liberal,1,1979,41,1,2,1,3,6,50k - 60k,3,3,Unemployed,No,No,Own,No,10,5,1,4,Strongly Approve,Approve / Somewhat Approve,Approve / Somewhat Approve,3,NA,NA,NA,Joe Biden (Democrat),NA,NA,Hilary Clinton,Joe Biden,Democratic,Democratic,Plan to vote early,Active,Unknown,No Record of Party Registration,Voted,Voted,[Democrat / Candidate 1],Democratic,[Democrat / Candidate 1],Democratic,NA,NA,NA,NA,[Republican / Candidate 2],Republican,[Democrat / Candidate 1],Democratic,Dan Kildee (D),John James (R),NA,Dan Kildee (D),Gary Peters (D),NA,Dan Kildee (D),21372,Debbie Stabenow (D),29732,Gary Peters (D),20923,Gretchen Whitmer (D)
2020,1261191455,1.75366772059752,0.9429557579606337,Oregon,OR,116,117,NA,NA,2,2,OR-02,OR-02,-1,-1,NA,NA,97759,41017,0,NA,NA,NA,2020-11-02T22:13:00Z,5,1,3,Moderate,1,1997,23,1,2,1,1,2,30k - 40k,3,3,Other,Yes,Yes,Other,Yes,11,4,4,4,Never Heard / Not Sure,Never Heard / Not Sure,Never Heard / Not Sure,4,NA,NA,NA,I Won't Vote in this Election,NA,NA,Did Not Vote,NA,NA,NA,No,Inactive,No Party Affiliation,No Record of Party Registration,No Record of Voting,No Record of Voting,I'm Not Sure,NA,NA,NA,NA,NA,NA,NA,[Democrat / Candidate 1],Democratic,NA,NA,NA,Jeff Merkley (D),NA,NA,NA,NA,Greg Walden (R),29932,Ron Wyden (D),14871,Jeff Merkley (D),40908,Kate Brown (D)
2020,1261113003,0.818136879272018,0.4399162236085604,Kentucky,KY,116,117,NA,NA,4,4,KY-04,KY-04,-1,-1,NA,NA,40031,21185,0,NA,NA,NA,2020-11-02T20:08:42Z,5,8,8,Not Sure,2,2001,19,1,2,1,2,5,20k - 30k,3,3,Student,Yes,No,Rent,Yes,11,6,7,1,Never Heard / Not Sure,Never Heard / Not Sure,Never Heard / Not Sure,5,NA,NA,NA,Donald Trump (Republican),NA,NA,Did Not Vote,NA,Republican,NA,No,No Record of Registration,No Record of Party Registration,No Record of Party Registration,No Record of Voting,No Record of Voting,No One,NA,NA,NA,NA,NA,NA,NA,[Republican / Candidate 2],Republican,NA,NA,NA,Mitch McConnell (R),NA,NA,NA,NA,Thomas Massie (R),31102,Mitch McConnell (R),14921,Rand Paul (R),41104,Andy Beshear (D)
2020,1261124821,0.61467509307713,0.3305138205398338,Kansas,KS,116,117,NA,NA,4,4,KS-04,KS-04,-1,-1,NA,NA,67052,20173,0,NA,NA,NA,2020-11-02T20:14:54Z,2,2,6,Conservative,1,1990,30,1,2,1,4,5,40k - 50k,3,3,Full-Time,No,No,Own,Yes,10,2,2,1,Never Heard / Not Sure,Never Heard / Not Sure,Never Heard / Not Sure,4,NA,NA,NA,Donald Trump (Republican),NA,NA,Donald Trump,NA,Republican,NA,Yes, definitely,No Record of Registration,No Record of Party Registration,No Record of Party Registration,No Record of Voting,No Record of Voting,[Republican / Candidate 2],Republican,NA,NA,NA,NA,NA,NA,[Republican / Candidate 2],Republican,NA,NA,Ron Estes (R),Roger Marshall (R),NA,NA,NA,NA,Ron Estes (R),21750,Pat Roberts (R),14852,Jerry Moran (R),29722,Laura Kelly (D)
2020,1261129131,0.387551020861967,0.20838808990610685,New York,NY,116,117,NA,NA,2,2,NY-02,NY-02,-1,-1,NA,NA,11783,36059,0,NA,NA,NA,2020-11-02T20:20:01Z,3,3,4,Moderate,2,1999,21,1,2,1,3,5,70k - 80k,3,3,Student,No,No,Other,Yes,2,2,2,3,Never Heard / Not Sure,Never Heard / Not Sure,Never Heard / Not Sure,4,NA,NA,NA,NA,NA,NA,Did Not Vote,NA,NA,NA,I already voted (early or absentee),No Record of Registration,No Record of Party Registration,No Record of Party Registration,No Record of Voting,No Record of Voting,NA,NA,NA,NA,NA,NA,NA,NA,NA,NA,NA,NA,NA,NA,NA,NA,NA,NA,Peter T. King (R),29375,Chuck Schumer (D),14858,Kirsten Gillibrand (D),20735,Andrew Cuomo (D)
2020,1261129591,7.69836475101735,4.1394485874322795,Ohio,OH,116,117,NA,NA,3,3,OH-03,OH-03,-1,-1,NA,NA,43224,39049,0,NA,NA,NA,2020-11-02T20:22:37Z,3,1,3,Moderate,1,1999,21,2,2,1,2,6,Less than 10k,2,2,Retired,No,Yes,Rent,No,3,2,4,3,Never Heard / Not Sure,Never Heard / Not Sure,Never Heard / Not Sure,3,NA,NA,NA,Joe Biden (Democrat),NA,NA,Hilary Clinton,NA,Democratic,NA,Probably,No Record of Registration,No Record of Party Registration,No Record of Party Registration,No Record of Voting,No Record of Voting,[Democrat / Candidate 1],Democratic,NA,NA,NA,NA,NA,NA,NA,NA,NA,NA,Joyce Beatty (D),NA,NA,NA,NA,NA,Joyce Beatty (D),21352,Sherrod Brown (D),29389,Rob Portman (R),29386,Mike DeWine (R)
2020,1261130755,0.802530584999935,0.43152464242619454,Washington,WA,116,117,NA,NA,5,5,WA-05,WA-05,-1,-1,NA,NA,99208,53063,0,NA,NA,NA,2020-11-02T20:29:52Z,5,8,8,Not Sure,1,1999,21,1,1,1,2,5,Less than 10k,3,3,Full-Time,No,No,Rent,No,11,5,4,4,Never Heard / Not Sure,Never Heard / Not Sure,Never Heard / Not Sure,5,NA,NA,NA,I'm Not Sure,NA,NA,Did Not Vote,NA,NA,NA,Undecided,No Record of Registration,No Record of Party Registration,No Record of Party Registration,No Record of Voting,No Record of Voting,No One,NA,NA,NA,No One,NA,NA,NA,NA,NA,NA,NA,NA,NA,NA,NA,NA,NA,Cathy McMorris Rodgers (R),20535,Patty Murray (D),49308,Maria Cantwell (D),39310,Jay Inslee (D)
2020,1261131661,2.10323013789295,1.1309171888998155,Pennsylvania,PA,116,117,NA,NA,17,17,PA-17,PA-17,-1,-1,NA,NA,15074,42007,0,NA,NA,NA,2020-11-02T20:37:18Z,2,2,6,Liberal,1,1991,29,2,2,1,5,3,10k - 20k,3,2,Unemployed,No,No,Own,No,4,2,1,5,Never Heard / Not Sure,Disapprove / Somewhat Disapprove,Strongly Disapprove,4,NA,NA,NA,Joe Biden (Democrat),NA,NA,Other / Someone Else,NA,Democratic,NA,Probably,No Record of Registration,No Record of Party Registration,No Record of Party Registration,No Record of Voting,No Record of Voting,[Republican / Candidate 2],Republican,NA,NA,NA,NA,NA,NA,NA,NA,NA,NA,Sean Parnell (R),NA,NA,NA,NA,NA,Conor Lamb (D),21756,Bob Casey Jr. (D),40703,Pat Toomey (R),29935,Tom Wolf (D)
2020,1261223797,0.66659609072079,0.3584319963219985,Pennsylvania,PA,116,117,Pennsylvania,PA,16,16,PA-16,PA-16,16,16,PA-16,PA-16,16335,42039,1,0.694704958881314,0.7248693536,0.6656095763000001,2020-11-02T22:48:58Z,2,2,7,Conservative,1,1980,40,1,2,1,4,3,60k - 70k,2,3,Permanently Disabled,No,Yes,Own,Yes,2,4,1,1,Approve / Somewhat Approve,Strongly Disapprove,Never Heard / Not Sure,4,NA,NA,NA,Donald Trump (Republican),NA,NA,Did Not Vote,Donald Trump,Republican,Republican,Yes, definitely,Active,Republican Party,No Record of Party Registration,No Record of Voting,No Record of Voting,[Republican / Candidate 2],Republican,[Republican / Candidate 2],Republican,NA,NA,NA,NA,NA,NA,NA,NA,Mike Kelly (R),NA,NA,Mike Kelly (R),NA,NA,Mike Kelly (R),21167,Bob Casey Jr. (D),40703,Pat Toomey (R),29935,Tom Wolf (D)
2020,1261225767,0.537585832796987,0.28906254615969135,New Jersey,NJ,116,117,NA,NA,2,2,NJ-02,NJ-02,-1,-1,NA,NA,08324,34011,0,NA,NA,NA,2020-11-02T23:06:45Z,3,1,3,Very Liberal,1,1995,25,1,2,1,2,5,20k - 30k,3,3,Permanently Disabled,No,No,Own,Yes,9,5,1,4,Strongly Disapprove,Never Heard / Not Sure,Approve / Somewhat Approve,2,NA,NA,NA,NA,NA,NA,Did Not Vote,NA,NA,NA,I already voted (early or absentee),No Record of Registration,No Record of Party Registration,No Record of Party Registration,No Record of Voting,No Record of Voting,NA,NA,NA,NA,NA,NA,NA,NA,NA,NA,NA,NA,NA,NA,NA,NA,NA,NA,Jeff Van Drew (R),NA,Bob Menendez (D),29373,Cory Booker (D),41308,Phil Murphy (D)
2020,1259605651,1.79020650246931,0.9626028406720223,Pennsylvania,PA,116,117,NA,NA,13,13,PA-13,PA-13,-1,-1,NA,NA,16601,42013,0,NA,1.9467048311,NA,2020-11-02T22:58:57Z,3,3,4,Very Conservative,1,1985,35,1,2,1,2,6,30k - 40k,3,3,Part-Time,No,No,Rent,Yes,1,4,7,2,Never Heard / Not Sure,Approve / Somewhat Approve,Approve / Somewhat Approve,3,NA,NA,NA,Donald Trump (Republican),NA,NA,Did Not Vote,NA,Republican,NA,Undecided,Active,Republican Party,No Record of Party Registration,Voted,No Record of Voting,[Republican / Candidate 2],Republican,NA,NA,NA,NA,NA,NA,NA,NA,NA,NA,John Joyce (R),NA,NA,NA,NA,NA,John Joyce (R),21936,Bob Casey Jr. (D),40703,Pat Toomey (R),29935,Tom Wolf (D)
2020,1260986679,1.7589980079364,0.9458218796772774,North Dakota,ND,116,117,NA,NA,1,1,ND-01,ND-01,-1,-1,NA,NA,58703,38101,0,NA,NA,NA,2020-11-02T22:58:46Z,5,3,4,Not Sure,1,1999,21,1,2,1,2,5,10k - 20k,3,3,Full-Time,No,No,Other,Yes,1,2,4,2,Never Heard / Not Sure,Never Heard / Not Sure,Never Heard / Not Sure,2,NA,NA,NA,Donald Trump (Republican),NA,NA,Did Not Vote,NA,Republican,NA,No,No Record of Registration,No Record of Party Registration,No Record of Party Registration,No Record of Voting,No Record of Voting,No One,NA,NA,NA,No One,NA,NA,NA,NA,NA,NA,NA,NA,NA,NA,NA,NA,NA,Kelly Armstrong (R),21901,John Hoeven (R),41107,Kevin Cramer (R),21350,Doug Burgum (R)
2020,1261224499,0.543366733167652,0.29217096471965553,South Dakota,SD,116,117,South Dakota,SD,1,1,SD-01,SD-01,1,1,SD-01,SD-01,57078,46135,1,0.730819994038999,0.5908673905,1.9676712288,2020-11-02T22:55:00Z,3,1,3,Liberal,1,1985,35,3,NA,1,2,3,40k - 50k,3,3,Full-Time,No,Yes,Own,No,9,3,1,4,Strongly Disapprove,Strongly Disapprove,Strongly Disapprove,4,NA,NA,NA,Other,NA,NA,Donald Trump,Joe Biden,Other Candidate,Democratic,Yes, definitely,Active,Democratic Party,No Record of Party Registration,Voted,No Record of Voting,[Democrat / Candidate 1],Libertarian,[Republican / Candidate 2],Republican,NA,NA,NA,NA,[Democrat / Candidate 1],Democratic,[Democrat / Candidate 1],Democratic,Randy Luallin (L),Dan Ahlers (D),NA,Dusty Johnson (R),Dan Ahlers (D),NA,Dusty Johnson (R),21935,John Thune (R),29754,Mike Rounds (R),41505,Kristi Noem (R)
2020,1261149227,0.363200812067246,0.19529486288206016,California,CA,116,117,California,CA,36,36,CA-36,CA-36,36,36,CA-36,CA-36,92544,06065,1,0.401677548021712,NA,NA,2020-11-02T20:54:30Z,2,2,6,Moderate,1,1982,38,1,2,1,3,6,50k - 60k,3,3,Full-Time,No,No,Own,Yes,11,1,4,1,Never Heard / Not Sure,Never Heard / Not Sure,Never Heard / Not Sure,4,NA,NA,NA,Donald Trump (Republican),NA,NA,Did Not Vote,NA,Republican,NA,Undecided,No Record of Registration,No Record of Party Registration,No Record of Party Registration,No Record of Voting,No Record of Voting,No One,NA,NA,NA,NA,NA,NA,NA,NA,NA,NA,NA,NA,NA,NA,NA,NA,NA,Raul Ruiz (D),21311,Dianne Feinstein (D),49300,Kamala Harris (D),41701,Gavin Newsom (D)
2020,1261149781,0.951641371531036,0.5117022456757045,North Carolina,NC,116,117,North Carolina,NC,5,5,NC-05,NC-05,5,5,NC-05,NC-05,28679,37189,1,1.41138720359328,NA,NA,2020-11-02T20:57:31Z,3,2,5,Conservative,2,1999,21,1,2,1,3,5,40k - 50k,3,3,Full-Time,Yes,No,Rent,Yes,1,2,2,2,Disapprove / Somewhat Disapprove,Never Heard / Not Sure,Never Heard / Not Sure,3,NA,NA,NA,Donald Trump (Republican),NA,NA,Did Not Vote,Donald Trump,Republican,Republican,Yes, definitely,No Record of Registration,No Record of Party Registration,No Record of Party Registration,No Record of Voting,No Record of Voting,No One,NA,[Republican / Candidate 2],Republican,[Republican / Candidate 2],Republican,[Republican / Candidate 2],Republican,[Republican / Candidate 2],Republican,[Republican / Candidate 2],Republican,NA,Thom Tillis (R),Dan Forest (R),Virginia Foxx (R),Thom Tillis (R),Dan Forest (R),Virginia Foxx (R),20521,Richard Burr (R),29548,Thom Tillis (R),41504,Roy Cooper (D)
2020,1261151693,0.496616976586538,0.2670333906891548,Alabama,AL,116,117,Alabama,AL,5,5,AL-05,AL-05,5,5,AL-05,AL-05,35757,01089,1,0.523813640888038,NA,NA,2020-11-02T21:09:07Z,3,3,4,Moderate,2,1988,32,1,1,1,5,1,50k - 60k,3,3,Full-Time,No,No,Own,No,10,3,2,2,Never Heard / Not Sure,Never Heard / Not Sure,Disapprove / Somewhat Disapprove,3,NA,NA,NA,Donald Trump (Republican),NA,NA,Donald Trump,Donald Trump,Republican,Republican,Yes, definitely,No Record of Registration,No Record of Party Registration,No Record of Party Registration,No Record of Voting,No Record of Voting,I'm Not Sure,NA,[Republican / Candidate 2],Republican,NA,NA,NA,NA,[Republican / Candidate 2],Republican,[Republican / Candidate 2],Republican,NA,Tommy Tuberville (R),NA,Mo Brooks (R),Tommy Tuberville (R),NA,Mo Brooks (R),21193,Richard Shelby (R),94659,Doug Jones (D),41705,Kay Ivey (R)
2020,1199586597,1.79020650246931,0.9626028406720223,Pennsylvania,PA,116,117,NA,NA,10,10,PA-10,PA-10,-1,-1,NA,NA,17401,42133,0,NA,NA,NA,2020-11-02T23:33:17Z,1,1,2,Liberal,1,1978,42,1,2,1,2,3,50k - 60k,3,3,Full-Time,No,No,Rent,Yes,11,5,4,3,Never Heard / Not Sure,Never Heard / Not Sure,Never Heard / Not Sure,2,NA,NA,NA,I Won't Vote in this Election,NA,NA,Did Not Vote,NA,NA,NA,No,No Record of Registration,No Record of Party Registration,No Record of Party Registration,No Record of Voting,No Record of Voting,I'm Not Sure,NA,NA,NA,NA,NA,NA,NA,NA,NA,NA,NA,NA,NA,NA,NA,NA,NA,Scott Perry (R),21356,Bob Casey Jr. (D),40703,Pat Toomey (R),29935,Tom Wolf (D)
2020,1261249927,1.16352168613118,0.6256313328705361,Oregon,OR,116,117,Oregon,OR,4,4,OR-04,OR-04,4,4,OR-04,OR-04,97401,41039,1,2.53472142473353,1.2652357616,2.9086724257,2020-11-02T23:43:07Z,1,1,1,Very Liberal,1,1993,27,1,2,1,3,5,100k - 120k,3,3,Student,No,No,Own,No,11,5,1,4,Strongly Approve,Strongly Approve,Strongly Approve,2,NA,NA,NA,NA,NA,NA,Hilary Clinton,Joe Biden,NA,Democratic,I already voted (early or absentee),Active,Democratic Party,No Record of Party Registration,Voted,Voted,NA,NA,[Democrat / Candidate 1],Democratic,NA,NA,NA,NA,NA,NA,[Democrat / Candidate 1],Democratic,NA,NA,NA,Peter DeFazio (D),Jeff Merkley (D),NA,Peter DeFazio (D),15410,Ron Wyden (D),14871,Jeff Merkley (D),40908,Kate Brown (D)
2020,1261247715,1.57601599810747,0.8474315530807379,Iowa,IA,116,117,Iowa,IA,3,3,IA-03,IA-03,3,3,IA-03,IA-03,51501,19155,1,1.48945763326384,1.7137899752,1.4606569154,2020-11-02T23:50:40Z,1,1,2,Moderate,1,1959,61,1,2,1,2,5,Less than 10k,2,3,Permanently Disabled,No,No,Own,No,11,6,4,1,Disapprove / Somewhat Disapprove,Strongly Disapprove,Disapprove / Somewhat Disapprove,3,NA,NA,NA,Donald Trump (Republican),NA,NA,Donald Trump,Donald Trump,Republican,Republican,Yes, definitely,Active,Democratic Party,No Record of Party Registration,Voted,No Record of Voting,[Republican / Candidate 2],Republican,[Republican / Candidate 2],Republican,NA,NA,NA,NA,[Republican / Candidate 2],Republican,[Republican / Candidate 2],Republican,David Young (R),Joni Ernst (R),NA,David Young (R),Joni Ernst (R),NA,Cindy Axne (D),21902,Chuck Grassley (R),14226,Joni Ernst (R),41502,Kim Reynolds (R)
2020,1257274335,1.00771931760976,0.541855633075412,Texas,TX,116,117,NA,NA,21,21,TX-21,TX-21,-1,-1,NA,NA,78216,48029,0,NA,1.0958132826,NA,2020-11-02T22:49:25Z,5,2,5,Moderate,1,1996,24,6,1,1,3,5,40k - 50k,3,3,Unemployed,No,No,Own,No,11,3,2,2,Never Heard / Not Sure,Never Heard / Not Sure,Never Heard / Not Sure,5,NA,NA,NA,NA,NA,NA,Donald Trump,NA,NA,NA,I already voted (early or absentee),Active,Unknown,No Record of Party Registration,Voted,No Record of Voting,No One,NA,NA,NA,NA,NA,NA,NA,No One,NA,NA,NA,NA,NA,NA,NA,NA,NA,Chip Roy (R),21961,John Cornyn (R),40305,Ted Cruz (R),41304,Greg Abbott (R)
2020,1261243127,0.739256372943068,0.3975017874185677,Ohio,OH,116,117,Ohio,OH,12,12,OH-12,OH-12,12,12,OH-12,OH-12,43701,39119,1,0.997857088375149,0.8038815358,1.3884339867,2020-11-02T23:28:56Z,4,8,8,Very Liberal,1,1985,35,1,2,1,2,1,50k - 60k,3,1,Full-Time,No,Yes,Own,No,9,4,1,4,Strongly Disapprove,Approve / Somewhat Approve,Strongly Disapprove,3,NA,NA,NA,NA,NA,NA,Other / Someone Else,Other / Someone Else,NA,Other Candidate,I already voted (early or absentee),Active,Democratic Party,Democratic Party,Voted,Voted,NA,NA,I Did Not Vote,NA,NA,NA,NA,NA,NA,NA,NA,NA,NA,NA,NA,NA,NA,NA,Troy Balderson (R),21759,Sherrod Brown (D),29389,Rob Portman (R),29386,Mike DeWine (R)
